NAME,FOREIGN NAME,CATEGORY
an mu xi ambrosial yoghurt original flavor - 205g (2 bottles),安慕希 希腊风味酸奶 原味 205g (2瓶),Beverages
an mu xi ambrosial yoghurt strawberry & oat flavor (2 bottles),安慕希 希腊风味酸奶 草莓燕麦味 (2瓶),Beverages
an mu xi ambrosial yogurt cheese flavor (2 bottle),安慕希 希腊风味酸奶 芝士波波球味 (2瓶),Beverages
an mu xi ambrosial yogurt mango passion fruit flavor (2 bottles),安慕希 希腊风味酸奶 芒果百香果味 (2瓶),Beverages
apple sidra (6 pc),苹果西打 (6罐),Beverages
artic ocean tangerine drink - 330ml (1 can),北冰洋 桔汁汽水 330ml (1罐),Beverages
assam green milk tea - 400ml (6 packs),阿萨姆绿奶茶 400ml (6盒),Beverages
assam milk tea - 400ml (6 pack),阿萨姆奶茶 400ml (6盒),Beverages
assam milk tea strawberry flavor - 400ml (6 packs),阿萨姆奶茶 草莓味 400ml (6盒),Beverages
assam milk tea vanilla flavor - 400ml (6 packs),阿萨姆奶茶 香草味 400ml (6盒),Beverages
beijing classic yoghurt (m),北京老酸奶 (中杯),Beverages
calpico mini non-carbonated probiotics drink lychee & mango flavor - 90ml (4 packs),CALPICO 迷你无碳酸天然乳酸菌饮料 荔枝芒果味 90ml (4罐),Beverages
calpico mini non-carbonated probiotics drink original flavor - 90ml (4 packs),CALPICO 迷你无碳酸天然乳酸菌饮料 90ml 原味 (4罐),Beverages
calpico mini non-carbonated probiotics drink strawberry flavor - 360ml (4 pc),CALPICO 迷你无碳酸天然乳酸菌饮料 草莓味 360ml (4盒),Beverages
calpico non-carbonated probiotics drink lychee flavor - 500ml,CALPICO 无碳酸天然乳酸菌饮料 荔枝味 500ml,Beverages
calpico non-carbonated probiotics drink mango flavor - 500ml,CALPICO 无碳酸天然乳酸菌饮料 芒果味 500ml,Beverages
calpico non-carbonated probiotics drink original flavor - 500ml,CALPICO 无碳酸天然乳酸菌饮料 原味 500ml,Beverages
calpico non-carbonated probiotics drink strawberry flavor - 500ml,CALPICO 无碳酸天然乳酸菌饮料 草莓味 500ml,Beverages
calpico non-carbonated probiotics drink white peach flavor - 500ml,CALPICO 无碳酸天然乳酸菌饮料 桃子味 500ml,Beverages
dou ben dou soy milk original flavor - 360ml,豆本豆 豆奶 原味 360ml,Beverages
fruit meet tea vigorously shaking milk tea mixed package - 53g (5 packs),果遇茶 网红爆摇奶茶 混合裝 53g (5包),Beverages
fujiya ramune soda lychee flavor - 200ml,FUJIYA不二家 弹珠汽水 荔枝味 200ml,Beverages
fujiya ramune soda original flavor - 200ml,FUJIYA不二家 弹珠汽水 原味 200ml,Beverages
fujiya ramune soda peach flavor - 200ml,FUJIYA不二家 弹珠汽水 蜜桃味 200ml,Beverages
genki forest brown rice oolong tea 500ml (2 bottles),元气森林 燃茶 无糖玄米乌龙茶 500ml (2瓶),Beverages
genki forest milk tea jasmine flavor - 450ml,元气森林 乳茶 茉香奶绿 450ml,Beverages
genki forest milk tea original flavor - 450ml,元气森林 乳茶 浓香原味 450ml,Beverages
genki forest oolong tea original flavor - 500ml (2 bottles),元气森林 燃茶 醇香无糖乌龙茶 500ml (2瓶),Beverages
genki forest oolong tea peach flavor - 500ml (2 bottles),元气森林燃茶 桃香无糖乌龙茶 500ml (2瓶),Beverages
genki forest sparkling water citrus flavor - 480ml (2 bottles),元气森林 卡曼橘味苏打气泡水 480ml (2瓶),Beverages
genki forest sparkling water cucumber flavor - 480ml (2 bottles),元气森林 青瓜网红气泡水 480ml (2瓶),Beverages
genki forest sparkling water white peach flavor - 480ml (2 bottles),元气森林 白桃气泡水 480ml (2瓶),Beverages
genki forest sparkling water yogurt flavor - 480ml,元气森林 气泡水 乳酸菌味 480ml,Beverages
guava juice (1 can),黑松芭乐汁 (1罐),Beverages
hanasia citron honey tea - 35.3oz,韩亚柚子蜜 1kg,Beverages
hawthorn drink,消消火山楂 植物饮料,Beverages
hey song sarsaparilla (6 can),黑松沙士 (6罐),Beverages
hung fook tong herbal drink,鸿福堂 夏枯草,Beverages
hung fook tong imperatae cane drink,鸿福堂 竹蔗茅根,Beverages
ito en golden oolong tea unsweetened - 500ml,伊藤园 无香料无糖黄金桂乌龙茶 500ml,Beverages
ito en green tea unsweetened - 500ml,伊藤园 无香料无糖天然绿茶 500ml,Beverages
ito en green tea w. roasted rice unsweetened - 500ml,伊藤园 无香料无糖玄米茶 500ml,Beverages
ito en jasmine green tea unsweetened - 500ml,伊藤园 无香料无糖天然美香茉莉绿茶 500ml,Beverages
ito en matcha w. roasted rice unsweetened - 500ml,伊藤园 无糖抹茶玄米茶 500ml,Beverages
ito en roasted green tea unsweetened - 500ml,伊藤园 无香料无糖煎茶 500ml,Beverages
kirin black tea - 500ml,午后红茶 500ml,Beverages
kirin black tea lemon flavor - 500ml,午后红茶 柠檬味 500ml,Beverages
kirin ichi non alcoholic beer - 350ml,麒麟 无酒精啤酒 350ml,Beverages
kirin milk tea - 500ml,午后红茶 奶茶 500ml,Beverages
kirin zero hi soft drink grapefruit flavor - 350ml,麒麟 零酒精啤酒 葡萄柚口味 350ml,Beverages
kirin zero hi soft drink lemon flavor - 350ml,麒麟 零酒精啤酒 柠檬味 350ml,Beverages
kobe kyoryuchi cider - 11.83oz,Kobe碳酸饮料 11.83oz,Beverages
kopiko 3 in 1 coffee (30 packs),Kopiko三合一咖啡 (30包),Beverages
l&l aloe drink - 500ml,韩国芦荟汁 500ml,Beverages
lan fong yuen coffee & milk tea - 280ml,兰芳园 港式鸳鸯奶茶 280ml,Beverages
lan fong yuen hong kong style milk tea,兰芳园 港式牛乳茶 280ml,Beverages
lan fong yuen milk tea - 280ml,兰芳园 正宗港式丝袜奶茶 280ml,Beverages
madam hong boba milk tea (1 pc),洪大妈 珍珠奶茶 (1罐),Beverages
madam hong grass jelly milk tea (1 can),洪大妈 仙草奶茶 (1罐),Beverages
master kong green tea,康师傅 绿茶 500ml,Beverages
master kong honey grapefruit drink - 500ml,康师傅 蜂蜜柚子茶 500ml,Beverages
master kong honey jasmine tea drink - 500ml,康师傅 茉莉蜜茶 500ml,Beverages
master kong iced tea - 500ml,康师傅 冰红茶 500g,Beverages
master kong jasmine tea - 500ml,康师傅 茉莉清茶 500ml,Beverages
master kong mango drink - 500ml,康师傅 芒果小酪 500ml,Beverages
master kong milk tea original flavor - 500ml,康师傅 经典奶茶 香浓味 500ml,Beverages
master kong plum juice - 500ml,康师傅 酸梅汤 500ml,Beverages
master kong snow pear drink - 500ml,康师傅 冰糖雪梨 500ml,Beverages
mengniu chunzhen premium greek yogurt original flavor (2 pack),蒙牛 纯甄风味酸牛奶 经典原味 (2包),Beverages
mengniu real fruit grain flower fruit light milk lactobacillus drink peach flavor (2 pc),蒙牛真果粒 花果轻乳 乳酸菌饮品 樱花风味 白桃果粒 (2瓶),Beverages
mengniu real fruit grain flower fruit light milk lactobacillus drink rose strawberry flavor (2 pc),蒙牛真果粒 花果轻乳 乳酸菌饮品 玫瑰草莓味 (2罐),Beverages
nanfang black sesame milk protein drink - 248ml,南方 黑芝麻牛奶复合蛋白饮料 248ml,Beverages
okf rice milk - 500ml,韩国OKF米奶 500ml,Beverages
oriental tea rhyme attain eminence step by step - 96g,东方茶韵 手工花茶 步步高升系列 96g,Beverages
oriental tea rhyme falls in love - 96g,东方茶韵 情投意合 手工花茶 96g,Beverages
oriental tea rhyme love at first sight - 96g,东方茶韵 手工花茶 一见钟情系列 96g,Beverages
oriental tea rhyme thinking of an old acquaintance - 96g,东方茶韵 秋水伊人 手工花茶 96g,Beverages
oriental tea rhyme twin dragon on pearl - 96g,东方茶韵 双龙戏珠 手工花茶 96g,Beverages
pocari sweat drink,日本大冢制药 运动饮料,Beverages
qoo fruit jelly drink grapes flavor,Qoo啫喱饮料 葡萄味,Beverages
qoo fruit jelly drink peach flavor,Qoo啫喱饮料 桃子味,Beverages
qoo orange juice (1 pc),Qoo 橙汁 (1 pc),Beverages
rico thai tea (6 pc),红牌 泰式奶茶 (6罐),Beverages
royal mills iced cappuccino premium coffee,Royal Mills 卡布奇诺咖啡,Beverages
royal mills iced coffee drink,Royal Mills 罐装咖啡,Beverages
royal mills mocha coffee,Royal Mills 摩卡咖啡,Beverages
sanbaole pokka sapporo soft drink orange flavor - 400ml,POKKA SAPPORO三宝乐 果粒橙汁 400ml,Beverages
sangaria royal milk tea,SANGARIA红茶姬 奶茶,Beverages
sangaria strawberry milk,SANGARIA红茶姬 草莓牛奶,Beverages
sheng he tang herbal meal yellow peach coconut flavor - 241g (2pc),生和堂 龟苓膏 黄桃椰香味 241g,Beverages
shi zai chen hua honey ginger tea - 18g (20 pack),食在辰华 蜂蜜姜茶 18g (20包/盒),Beverages
shui lian wan flavored yogurt strawberry flavor,水恋湾 风味酸奶 草莓味,Beverages
shui lian wan milk drink banana flavor (2 bottles),水恋湾 牛奶饮品 香蕉风味 (2瓶),Beverages
shui lian wan milk drink strawberry flavor (2 bottles),水恋湾 草莓风味牛奶饮品 (2瓶),Beverages
shui lian wan yogurt mango flavor,水恋湾 风味酸奶 芒果味,Beverages
shui lian wan yogurt original flavor,水恋湾 风味酸奶 原味,Beverages
somoving yogurt drink mango flavor - 120g (4 bottles),好感冻 老酸奶果味型饮料 芒果味 120g (4瓶),Beverages
somoving yogurt drink original flavor - 120ml (4 bottles),好感冻 老酸奶果味型饮料 原味 120ml (4瓶),Beverages
somoving yogurt drink passion fruit flavor (4 bottles),好感冻 老酸奶果味型饮料 百香果味 120g (4瓶),Beverages
somoving yogurt drink strawberry flavor - 120g (4 bottles),好感冻 老酸奶果味型饮料 120g 草莓味 (4瓶),Beverages
sunity herbal jelly original flavor,生和堂 龟苓膏 原味,Beverages
sunity herbal jelly reishi,生和堂 龟苓膏 灵芝,Beverages
sunity herbal jelly rock sugar,生和堂 冰糖菊花龟苓膏,Beverages
suntory cc lemon drink - 500ml,三得利 CC柠檬饮料 500ml,Beverages
suntory oolong tea,三得利 乌龙茶,Beverages
suntory oolong tea - 2l,三得利 乌龙茶 2L,Beverages
thailand mogu mogu coconut juice coconut flavor - 320g,泰国Mogu Mogu 椰果果汁椰子味 320g,Beverages
thailand mogu mogu coconut juice honeydew melon flavor - 320g,泰国Mogu Mogu 椰果果汁哈蜜瓜味 320g,Beverages
thailand mogu mogu coconut juice orange flavor - 320g,泰国Mogu Mogu 椰果果汁 橙子味 320g,Beverages
thailand mogu mogu coconut juice pina colada flavor - 320g,泰国Mogu Mogu 椰果果汁 椰林飘香味 320g,Beverages
thailand mogu mogu coconut juice pineapple flavor - 320g,泰国Mogu Mogu 椰果果汁 菠萝味 320g,Beverages
thailand mogu mogu coconut juice strawberry flavor - 320g,泰国Mogu Mogu 椰果果汁 草莓味 320g,Beverages
tiger sugar brown sugar milk tea,老虎堂 黑糖奶茶,Beverages
tiger sugar probiotics lactobacillus drink strawberry flavor,老虎堂 益生菌草莓味乳酸茵,Beverages
tomomasu mango cider (1 pc),友傑 芒果味碳酸饮料 (1 pc),Beverages
u love it milk tea mixed packaging (4 pc),优乐美 奶茶 混合裝 (4个),Beverages
ucc black coffee - 288ml,UCC黑咖啡 288ml,Beverages
unif assam green tea milk tea drink - 450ml,台湾统一 阿萨姆煎茶奶绿 450ml,Beverages
vita chrysanthemum tea - 250ml (6 pc),维他 菊花茶 250ml (6盒),Beverages
vita lemon tea drink - 250ml (6 packs),维他 柠檬茶 250ml (6盒),Beverages
vita lychee juice - 250ml (6 packs),维他 茘枝汁 250ml (6盒),Beverages
vita soy malted soya drink - 250ml (6 count),维他 麦精豆奶 250ml (6盒),Beverages
vita soy milk - 250ml (6 packs),维他 豆奶 250ml (6盒),Beverages
vita soy milk chocolate flavor - 250ml (6 pc),维他 朱古力豆奶 250ml (6盒),Beverages
vta mango juice drink - 250ml (6 packs),维他芒果汁 250ml (6盒),Beverages
wahaha vitamin ad & calcium drink (4 pc),娃哈哈 AD钙奶饮品 (4瓶),Beverages
want want hot-kid milk drink (6 cans),旺仔牛奶 (6罐),Beverages
wong lo kat black herbal tea -310g,王老吉 黑凉茶 310ml,Beverages
wong lo kat herbal tea - 310ml (1 can),王老吉 凉茶 310ml (1罐),Beverages
wong lo kat herbal tea - 310ml (6 cans),王老吉 凉茶 310ml (6罐),Beverages
xiang piao piao bubble tea mix matcha flavor - 85g (4 packs),香飘飘 珍珠系抹茶双拼 85g (4杯),Beverages
xiang piao piao milk tea original flavor -80g (3 packs),香飘飘 原味奶茶 80g (3杯),Beverages
xiang piao piao milk tea strawberry flavor - 80g (3 packs),香飘飘 草莓奶茶 80g (3杯),Beverages
xiao lu luan zhuang shake milk tea berry & peach flavor (1 pc),小鹿乱撞 爆摇奶茶 芝芝莓桃味 (1 pc),Beverages
xiao lu luan zhuang shake milk tea chocolate flavor - 58g,小鹿乱撞 爆摇奶茶 脏脏可可 58g,Beverages
xiao ming lemon tea,小茗同学 青柠红茶,Beverages
xiao ming liuliu tea drink,小茗同学 溜溜哒茶,Beverages
xiao ming wheat black tea - 480ml,小茗同学 大麦红茶 480ml,Beverages
xiao yang yogurt drink original flavor (4 count),小样小乳酸 原味 330ml (4瓶),Beverages
xin yuan zhai osmanthus plum juice,信远斋 酸梅汤饮料,Beverages
yakult (5 pc),养乐多 (5罐),Beverages
yeshu coconut drink (6 pc),椰树牌椰汁 (6盒),Beverages
yili light drink original flavor - 500ml,伊利 伊然乳矿轻饮 牛乳味 零脂肪低糖 500ml,Beverages
ajino gyu don topping - 6.3oz,日本味之素 牛肉饭酱汁 6.3oz,Frozen Foods
ajino karaage fried chicken,日本Ajino 炸鸡,Frozen Foods
asian taste frozen edamame peel 16oz,东之味 毛豆仁 454g,Frozen Foods
beef ball,牛肉丸,Frozen Foods
boiled sweet corn,五彩糯玉米,Frozen Foods
chengdu lai rice ball black sesame flavor - 7.05oz,成都赖汤圆 芝麻汤圆 200g,Frozen Foods
chengdu lai rice ball brown sugar flavor - 400g,成都赖汤圆 红糖汤圆 400g,Frozen Foods
chengdu lai rice ball peanut flavor - 7.05oz,成都赖汤圆 花生汤圆 200g,Frozen Foods
chengdu lai rice ball rose flavor - 400g,成都赖汤圆 玫瑰汤圆 400g,Frozen Foods
crab meat sticks - 500g,蟹肉棒 500g,Frozen Foods
cuttle fish ball,花枝丸,Frozen Foods
fish ball,鱼丸,Frozen Foods
frozen seasoned seaweed salad sweet & sour flavor,速冻调味裙带菜 酸甜味,Frozen Foods
futaba mini ice cream (6 pc),Futaba 迷你冰淇淋 (6支),Frozen Foods
futaba mini ice cream matcha flavor (6 pc),Futaba冰淇淋 抹茶味 (6支),Frozen Foods
glutinous rice cake w. pork,珍珠糯米鸡,Frozen Foods
haday dumpling wrappers,海天 饺子皮,Frozen Foods
haday wonton wrapper,海天 全蛋云吞皮,Frozen Foods
hao kou fu mini pork ribs w. pepper,好口福 豉汁排骨,Frozen Foods
i mei yogurt ice bar blueberry flavor - 260g,义美 蓝莓优格冰淇淋 260g,Frozen Foods
imuraya ice bar azuki flavor - 14.6 oz,Imuraya 冰棍/冰棒 纳豆味 14.6oz,Frozen Foods
imuraya ice bar matcha flavor - 402g,Imuraya 冰棍/冰棒 抹茶味 402g,Frozen Foods
j basket menmeijin sanuki udon - 1kg,日本赞歧 乌冬面 1kg,Frozen Foods
kimbo hong kong style egg custard tarts,金宝 港式蛋塔,Frozen Foods
konjac noodle,健康魔芋丝,Frozen Foods
laurel fish dumpling - 100g,桂冠 鱼饺 100g,Frozen Foods
laurel rice ball black sesame seed flavor - 200g,桂冠 紫糯芝麻汤圆/元宵 200g,Frozen Foods
laurel rice ball peanut flavor - 200g,桂冠 花生汤圆/元宵 200g,Frozen Foods
laurel rice ball sesame flavor - 200g,桂冠 芝麻汤圆/元宵 200g,Frozen Foods
li kou fu coconut steamed bun - 200g,利口福 椰汁馒头 200g,Frozen Foods
li kou fu sesame & coconut roll - 280g,利口福 香麻椰皇卷 280g,Frozen Foods
li kou fu steamed roll - 270g,利口福 花卷 270g,Frozen Foods
li kou fu veggie spring roll - 500g,利口福 素菜春卷 500g,Frozen Foods
liang quan qi mei layered paratha original flavor - 900g,粮全其美 有层次的手抓饼 原味 900g,Frozen Foods
liang quan qi mei layered paratha scallion flavor - 900g,粮全其美 有层次的手抓饼 葱香味 900g,Frozen Foods
lin sheng ji squid fish dumpling,林生记 花枝鱼皮饺,Frozen Foods
lobster ball - 500g,龙虾球 500g,Frozen Foods
martin pure food hot dogs w. cheese,香肠 芝士味,Frozen Foods
meiji ice bar strawberry flavor,Meiji明治 草莓浓心雪糕,Frozen Foods
mian zhi guan beijing zhajiang noodles - 21.14oz,面之馆北京炸酱面 600g,Frozen Foods
mikawaya mochi ice cream black sesame flavor - 355ml,Milkawaya 麻薯冰淇淋/雪米糍 黑芝麻味 355ml,Frozen Foods
mikawaya mochi ice cream chocolate flavor - 355ml,Milkawaya 麻薯冰淇淋/雪米糍 巧克力味 355ml,Frozen Foods
mikawaya mochi ice cream cookies & cream flavor - 355ml,Milkawaya 麻薯冰淇淋/雪米糍 奶油曲奇味 355ml,Frozen Foods
mikawaya mochi ice cream green tea flavor - 355ml,Milkawaya 麻薯冰淇淋/雪米糍 抹茶味 355ml,Frozen Foods
mikawaya mochi ice cream mango flavor - 355ml,Milkawaya麻薯冰淇淋/雪米糍 芒果味 355ml,Frozen Foods
mikawaya mochi ice cream strawberry flavor - 355ml,Milkawaya 麻薯冰淇淋/雪米糍 草莓味 355ml,Frozen Foods
mikawaya mochi ice cream vanilla flavor - 355ml,Milkawaya 麻薯冰淇淋/雪米糍 香草味 355ml,Frozen Foods
mini pork patty link w. corn,猪肉玉米亲亲肠,Frozen Foods
myojo yakisoba japanese style stir fry noodles w. sauce (serves 2),Myojo日式炒面 两人份 15.52oz,Frozen Foods
nichirei red bean taiyaki,红豆鲷鱼烧,Frozen Foods
peking leek pancake,老北京韭菜馅饼,Frozen Foods
peking radish pancake,老北京萝卜丝馅饼,Frozen Foods
peking red bean pancake,老北京红豆馅饼,Frozen Foods
peking spring onion pancake,老北京香葱馅饼,Frozen Foods
pre-packaged lotus root slice,袋装藕片,Frozen Foods
prime food mini pork patty link - 284g,嘉嘉 亲亲肠 284g,Frozen Foods
prime food taiwan style pork patty link - 284g,嘉嘉 台式亲亲肠 284g,Frozen Foods
ru yi brand cooked salted duck egg yolk (12 pc),如意牌 熟红心速冻咸蛋黄 (12个),Frozen Foods
rw beef tendon balls 8oz,日旺 日式牛筋肉丸 8oz,Frozen Foods
rw fish balls w. custard fillings - 8oz,日旺 流沙鱼子鱼丸 8oz,Frozen Foods
rw fish balls w. pork fillings - 8oz,日旺 灌汤鱼丸 8oz,Frozen Foods
rw fish balls w. shrimp fillings - 8oz,日旺 海皇鱼鱼子鱼丸子 8oz,Frozen Foods
rw fish balls w. squid - 8oz,日旺 烤鱿鱼卷 8oz,Frozen Foods
rw fish dumpling w. pork & chives - 12oz,日旺 韭菜鱼皮饺 12oz,Frozen Foods
rw fried fish tofu - 8oz,日旺 脆滑鱼豆腐 8oz,Frozen Foods
rw fried shrimp balls,日旺 黃金蝦球,Frozen Foods
rw japanese pork balls - 8oz,日旺 日式瀑汁贡丸 8oz,Frozen Foods
rw japanese pork balls w. fillings,日旺日式瀑汁貢丸,Frozen Foods
rw japanese style beef ball - 9oz,日旺 日式牛肉丸 255g,Frozen Foods
rw lobster ball - 8oz,日旺 龙虾丸 8oz,Frozen Foods
rw shrimp paste - 450g,日旺 特级脆虾滑 450g,Frozen Foods
san quan black & white glutinous rice balls black sesame filling - 400g,三全 黑糯米黑芝麻汤圆/元宵 400g,Frozen Foods
san quan black sesame rice ball - 400g,三全 低糖黑芝麻汤圆/元宵 400g,Frozen Foods
san quan deep fried dough - 400g,三全 经典早餐油条 400g,Frozen Foods
san quan mini rice ball black sesame - 320g,三全 迷你黑芝麻汤圆/元宵 320g,Frozen Foods
san quan peanut rice ball - 400g,三全 花生汤圆/元宵 400g,Frozen Foods
san quan red bean rice ball - 400g,三全 豆沙汤圆/元宵 400g,Frozen Foods
scallion pancake (5pc),葱香手抓饼,Frozen Foods
scallop - 5lb,干贝 5lb,Frozen Foods
shao mei brown sugar boba ice cream bar - 4 bars,【网红】小美 黑糖珍奶冰棒 四支入,Frozen Foods
shao mei ice bar matcha & red bean flavor - 300g,小美 抹茶红豆冰棍 300g,Frozen Foods
shao mei ice cream vanilla flavor - 85g (10 pc),小美 传统香草冰淇淋 85g (10个),Frozen Foods
shao mei qq pudding ice bar - 350g,小美 QQ吃得到 布丁冰棒 350g,Frozen Foods
shaomei ice bar red bean & rice flavor,小美 红豆粉粿,Frozen Foods
squid roll - 500g,包心鱿鱼卷 500g,Frozen Foods
stinky tofu,纯味臭豆腐,Frozen Foods
todakyu morika reimen cold noodle (serves 2),盛冈冷面 2人份,Frozen Foods
venus beef meatball,金星 牛肉丸,Frozen Foods
wei-chuan frozen fried gluten ball - 50g,味全 油面筋 50g,Frozen Foods
wei-chuan pork ball - 8oz,味全 贡丸猪肉丸 8oz,Frozen Foods
xiangtai tilapia w. pickled vegetable & chili - 500g,翔泰 酸菜鱼片 500g,Frozen Foods
yaki chikuwa - 450g,鱼竹轮 450g,Frozen Foods
yirisancan brown sugar bun - 90g,一日三餐 精制红糖馒头 90g,Frozen Foods
yoshinoya cooked beef w. onions,吉野家牛肉饭,Frozen Foods
an mu xi ambrosial yoghurt original flavor (10 per box),安慕希 希腊风味酸奶 原味 (10瓶),Wholesale
an mu xi ambrosial yoghurt strawberry flavor (10 bottles),安慕希 希腊风味酸奶 草莓燕麦味 (10瓶),Wholesale
artic ocean tangerine drink - 330ml (6 cans),北冰洋 桔汁汽水 330ml (6罐),Wholesale
bean sprouts - 5lb,豆芽 5lbs,Wholesale
bourbon every burger cookie (10 boxes),布尔本 汉堡饼干 66g,Wholesale
calbee frugra fruit & granola cereal reduced sugar - 425g (6 bag),卡乐比 低糖营养水果谷物麦片 425g (6包),Wholesale
carrots - 5lb,胡萝卜 5lb,Wholesale
crave natural adzuki bean oatmeal (12 per box),Crave Natural 红豆枸杞枣粥 (12杯/箱),Wholesale
crave natural black sesame oatmeal (12 per box),Crave Natural 黑芝麻杂粮糊 (12杯/箱),Wholesale
crave natural silk osmanthus oatmeal (12 per box),Crave Natural 桂花豆奶麦片 (12杯/箱),Wholesale
crave natural taro black tea oatmeal (12 per box),Crave Natural 香芋红茶麦片 (12杯/箱),Wholesale
genki forest oolong tea original flavor - 500ml (15 per box),元气森林 燃茶 醇香无糖乌龙茶 500ml (15瓶/箱),Wholesale
genki forest oolong tea peach flavor - 500ml (15 per box),元气森林 燃茶 桃香无糖乌龙茶 500ml (15瓶/箱),Wholesale
genki forest sparkling water white peach flavor - 480g (15 per box),元气森林 白桃气泡水 480g (15瓶/箱),Wholesale
hapi dry roasted edamame (6 bags),Hapi 干毛豆 (6包),Wholesale
huang fei hong peanut (16 bag),黄飞红 香辣麻辣花生 (16包),Wholesale
ito en golden oolong tea unsweetened - 500ml (12 bottles),伊藤园 无糖乌龙茶 500ml (12瓶),Wholesale
ito en green tea unsweetened - 500ml (12 bottles),伊藤园 无糖天然绿茶 500ml (12瓶),Wholesale
ito en jasmine green tea unsweetened - 500ml (12 bottles),伊藤园 无糖茉莉花茶 500ml (12瓶),Wholesale
ito en matcha w. roasted rice tea unsweetened - 500ml (12 count),伊藤园 无糖抹茶玄米茶 500ml (12瓶),Wholesale
ito en roasted green tea unsweetened - 500ml (12 bottles),伊藤园 无糖煎茶 500ml (12瓶),Wholesale
ito en roasted rice green tea unsweetened - 500ml (12 bottles),伊藤园 无糖玄米茶 500ml (12瓶),Wholesale
luo ba wang instant rice noodle spicy - 315g (10 pc),螺霸王 螺蛳粉 麻辣味 315g (10包),Wholesale
luo ba wang instant rice noodle tomato flavor - 306g (10 pc),螺霸王 螺蛳粉 番茄味 306g (10包),Wholesale
master kong green tea - 500ml (15 per box),康师傅 绿茶 500ml (15瓶/箱),Wholesale
master kong honey grapefruit drink box - 500ml (15 bottles),康师傅 蜂蜜柚子茶 500ml (15瓶/箱),Wholesale
master kong honey jasmine tea drink - 550ml (15 per box),康师傅 茉莉蜜茶 550ml (15瓶/箱),Wholesale
master kong iced tea - 500ml (15 bottles),康师傅 冰红茶 500ml (15瓶),Wholesale
master kong jasmine tea - 500ml (15 per box),康师傅 茉莉清茶 500ml (15瓶/箱),Wholesale
master kong milk tea original flavor (15 per box),康师傅 经典奶茶 香浓味 500ml (15瓶/箱),Wholesale
master kong plum juice box - 500ml (15 bottles),康师傅 酸梅汤 500ml (15瓶/箱),Wholesale
master kong snow pear drink - 550ml (15 per box),康师傅 冰糖雪梨 550ml (15瓶/箱),Wholesale
meiji almond chocolate balls (10 boxes),Meiji明治 杏仁巧克力豆 (10箱),Wholesale
meiji panda cookie chocolate filling - 60g (10 boxes),Meiji明治 熊猫巧克力夹心饼干 60g (10包),Wholesale
meiji panda milk cream filling cookie - 60g (10 boxes),Meiji明治 熊猫牛奶夹心饼干 60g (10箱),Wholesale
meiji panda strawberry filling cookie - 60g (10 boxes),Meiji明治 熊猫草莓夹心饼干 60g (10箱),Wholesale
meiji yan yan dipping sticks chocolate & strawberry double cream (10 packs),Meiji明治 YANYAN巧克力草莓酱幸运脆棒 (10包),Wholesale
meiji yan yan dipping sticks chocolate flavor (10 packs),Meiji明治 YANYAN巧克力幸运脆棒 (10包),Wholesale
meiji yan yan dipping sticks strawberry flavor (10 pc),Meiji明治 YANYAN草莓酱幸运脆棒 (10包),Wholesale
meiji yan yan dipping sticks vanilla flavor (10 packs),Meiji明治 YANYAN香草幸运脆棒 (10包),Wholesale
mengniu chunzhen premium greek yogurt original flavor (10 per box),蒙牛纯甄 风味酸牛奶 经典原味 (10包/箱),Wholesale
mengniu real fruit grain flower fruit light milk lactobacillus drink peach flavor (10 per box),蒙牛真果粒 花果轻乳乳酸菌饮品 樱花风味 白桃果粒 (10瓶/箱),Wholesale
mengniu real fruit grain flower fruit light milk lactobacillus drink rose strawberry flavor (10 per box),蒙牛真果粒 花果轻乳 乳酸菌饮品 玫瑰草莓味 (10瓶/箱),Wholesale
morinaga hi chew candy mixed flavor - 3.17oz (6 bag),Hi Chew 果汁糖 综合口味 3.17oz (6包),Wholesale
nissin demae ramen black garlic oil tonkotsu pork flavor (10 packs),日清 出前一丁 即食汤面 黑蒜油猪骨汤味 (10包),Wholesale
nissin demae ramen noodle w. soup base beef flavor (10 packs),日本NISSIN日清 出前一丁 即食汤面 五香牛肉味 10包,Wholesale
nissin demae ramen noodle w. soup base chicken flavor (10 packs),日清 出前一丁即食汤面 鸡蓉味 (10包),Wholesale
nissin demae ramen noodle w. soup base roasted beef flavor (10 packs),日清 出前一丁 即食汤面 红烧牛肉味 (10包),Wholesale
nissin demae ramen noodle w. soup base seafood flavor 3.5oz (10 count),日清 出前一丁 即食汤面 海鲜味 100g (10包),Wholesale
nissin demae ramen noodle w. soup base sesame oil flavor (10 packs),日清 出前一丁 即食汤面 麻油味 100g (10包),Wholesale
nissin demae ramen noodle w. soup base shrimp flavor (10 packs),日清 出前一丁 即食汤面 鲜虾味 (10包),Wholesale
nissin demae ramen noodle w. soup base xo seafood flavor (10 packs),日清 出前一丁 即食汤面 XO酱海鲜味 (10包),Wholesale
oishi potato chips tomato flavor - 80g (12 bag),上好佳 薯片 田园番茄味 80g (12包),Wholesale
oishi potatoe chips sweet & spicy - 80g (12 bag),上好佳 薯片 田园甜辣味 80g (12包),Wholesale
oishi prawn crackers - 40g (12 packs),上好佳 鲜虾条 40g (12包),Wholesale
oishi shrimp flakes - 40g (12 packs),上好佳 鲜虾片 40g (12包),Wholesale
onions - 5lb,洋葱 5lb,Wholesale
potatoes - 5lb,土豆 5lb,Wholesale
purple yams - 5lb,夏威夷紫薯 5lb,Wholesale
s&b golden curry sauce extra hot - 7.8oz (5 boxes),S&B 金牌咖喱块 特辣 (5盒) 7.8oz,Wholesale
s&b golden curry sauce medium hot - 7.8ml (5 boxes),S&B 金牌咖喱块 中辣 7.8ml (5盒),Wholesale
s&b golden curry sauce mild - 220g (5 boxes),S&B 金牌咖喱块 微辣 220g (5盒),Wholesale
shaomei ice cream bar brown sugar boba - 80g (6 pack),小美黑糖 珍奶雪糕 80g 6盒 (4包/盒),Wholesale
shin ramyun black box (24 per box),辛辣面 黑 (24包/箱),Wholesale
shin ramyun instant noodle (16 pc),辛拉面 红 (16包/箱),Wholesale
sunity herbal jelly red bean flavor (10 cups),生和堂 奶香红豆龟苓膏 (10杯),Wholesale
taisun mixed congee - 375g (24 per box),泰山八宝粥 375g (24罐/箱),Wholesale
unif assam green tea milk tea drink - 450ml (15 bottles),台湾统一阿萨姆 煎茶奶绿 (15瓶/箱),Wholesale
vita chrysanthemum tea - 250ml (24 packs),维他 菊花茶 250ml (24瓶）,Wholesale
vita lemon tea drink -250ml (24 packs),维他 柠檬茶 250ml (24盒),Wholesale
vita lychee juice 250ml (24 pack),维他 茘枝汁 250ml (24包）,Wholesale
vita mango juice drink - 250ml (24 packs),维他 芒果汁 250ml (24瓶）,Wholesale
vita soy malted soya drink - 250ml (24 packs),维他 麦精豆奶 250ml (24瓶）,Wholesale
vita soy milk chocolate flavor -250ml (24 packs),维他朱古力豆奶一箱（24瓶）,Wholesale
vita soymilk - 250ml (24 packs),维他豆奶 250ml (24瓶/箱),Wholesale
wahaha vitamin ad & calcium drink (24 per box),娃哈哈 AD钙奶饮品 (24瓶/箱),Wholesale
wei long da mian jin - 102g (10 packs),卫龙 大面筋辣条 102g (10包),Wholesale
wei long hot konjac spicy flavor (5 packs),卫龙 魔芋爽 香辣味 (5包),Wholesale
wong lo kat black herbal tea - 310ml (24 cans),王老吉 黑凉茶 310ml (24罐),Wholesale
xiao ming lemon tea (15 bottles),小茗同学 青柠红茶 (15瓶/箱）,Wholesale
xiao ming liuliu tea drink (15 per box),小茗同学 溜溜哒茶 (15瓶/箱）,Wholesale
xinyuanzhai osmanthus plum juice (12 count),信远斋 酸梅汤饮料 (12瓶),Wholesale
yeshu coconut drinks (30 cans),椰树牌 椰汁 (30罐),Wholesale
zucchini - 4lb,西葫芦 4lb,Wholesale
alari corn noodle - 400g,阿拉里 玉米面条 400g,Dry Goods & Ramen
asian taste bean curd stick,东之味 圆枝腐竹,Dry Goods & Ramen
asian taste sour mustard -10.5oz,东之味 酸菜 10.5oz,Dry Goods & Ramen
asian taste sweet rice - 5lb,东之味 长糯米,Dry Goods & Ramen
bai jia a kuan instant noodle sweet spicy flavor,白家阿宽成都甜水面 袋裝,Dry Goods & Ramen
bai xiang crawfish lo mein,白象 大辣娇小龙虾拌面,Dry Goods & Ramen
bai xiang instant noodle chicken soup flavor,白象汤好喝 老母鸡汤味面,Dry Goods & Ramen
bai xiang instant noodle pork bone soup flavor,白象汤好喝 招牌猪骨汤味面,Dry Goods & Ramen
bai xiang instant noodle spicy beef flavor -111g (5 packs),白象汤好喝 辣牛肉汤面 111g (5包),Dry Goods & Ramen
botan calrose rice - 15lb,富贵花米 15lb,Dry Goods & Ramen
calbee frugra fruit & granola cereal original flavor - 482g,卡乐比 营养水果谷物麦片 原味 482g,Dry Goods & Ramen
calbee frugra fruit & granola cereal reduced sugar 15oz,卡乐比 营养水果谷物麦片 低糖 15oz,Dry Goods & Ramen
canned coconut milk,泰国椰奶 400ml,Dry Goods & Ramen
canned sardine - 5.5oz,灌装沙丁鱼 155g,Dry Goods & Ramen
canned sweetened red bean,小仓红豆,Dry Goods & Ramen
chin yeh fried gluten - 200g,台湾青叶 面筋 200g,Dry Goods & Ramen
chinese wolfberry - 227g,有机宁夏枸杞 227g,Dry Goods & Ramen
da han kou noodle hunan spicy (4 packs),大汉口 湘辣味热干面 (4包),Dry Goods & Ramen
da han kou noodle original flavor (4 pc),大汉口 热干面 原味 (4包),Dry Goods & Ramen
da jia japanese ramen - 600g,大甲 日式拉面 600g,Dry Goods & Ramen
da jia sliced noodles,大甲 刀削麵,Dry Goods & Ramen
da jia stirred noodles extra hot & spicy,大甲干面 地狱椒麻,Dry Goods & Ramen
da jia stirred noodles spicy & sesame flavor,大甲干面 劲辣麻酱,Dry Goods & Ramen
dongguan rice vermicelli,东莞米粉,Dry Goods & Ramen
dragon brand sweet potato vermicelli - 12oz,龙牌 红薯宽粉/粉条 12oz,Dry Goods & Ramen
dragon fine egg noodle - 16oz,龙牌 鸡蛋面 (幼) 16oz,Dry Goods & Ramen
dried woodear mushrooms,特级黑木耳,Dry Goods & Ramen
eggs quail in brine,罐装鹌鹑蛋,Dry Goods & Ramen
elephant scented rice - 25lb,美象牌 茉莉香米 25lb,Dry Goods & Ramen
fan sao guang crisp woodear mushrooms -280g,饭扫光 爽脆黑木耳 280g,Dry Goods & Ramen
fan sao guang enoki mushroom pickles - 280g,饭扫光 爆炒金针菇 280g,Dry Goods & Ramen
fan sao guang preserved bamboo shoot sauce - 280g,饭扫光 爆炒竹笋 酱香味 280g,Dry Goods & Ramen
fan sao guang preserved bamboo shoot spicy & hot - 280g,饭扫光 爆炒竹笋 香辣味 280g,Dry Goods & Ramen
fan sao guang preserved savory mushrooms spicy & hot - 280g,饭扫光 爆炒香菌 香辣味 280g,Dry Goods & Ramen
fan sao guang preserved savory woodear mushrooms - 280g,饭扫光 爆炒香菌 酱香味 280g,Dry Goods & Ramen
fortune mushroom slices - 53 oz,FORTUNE 磨菇片 53oz,Dry Goods & Ramen
fresh way soybean roll best for hot pot or hot soup - 168g (14 pc),鲜道 响铃卷 168g (14条/盒),Dry Goods & Ramen
fried dace w. black beans,鹰金钱 豆豉鲮鱼,Dry Goods & Ramen
golden elephant thai rice - 20lb,金象 泰国香米 20lb,Dry Goods & Ramen
green mountain brown rice - 4.4lb,绿山糙米 4.4lb,Dry Goods & Ramen
guangyou chongqing instant noodle beef flavor - 420g,光友 重庆小面 牛肉味 420g,Dry Goods & Ramen
havista brown sugar - 16oz,五谷丰 保健红糖 454g,Dry Goods & Ramen
havista chongqing traditional noodle,五谷丰 重庆小面,Dry Goods & Ramen
havista dongbei dried noodle - 31.7oz,五谷丰 新鲜东北大拉皮 900g,Dry Goods & Ramen
havista shaanxi dried noodle - 1100g,五谷丰 陕西扯面 1100g,Dry Goods & Ramen
havista shanghai yangchun noodles - 38.8oz,五谷丰 上海阳春面 1100g,Dry Goods & Ramen
havista shanxi noodle - 38.8oz,五谷丰 山西刀削面 1100g,Dry Goods & Ramen
hehuan bean threads - 300g,合欢牌 宽条粉丝/宽粉 300g,Dry Goods & Ramen
itauki hakata osshol ramen - 104g,日本博多 猪骨风味拉面 104g,Dry Goods & Ramen
itsuki kumamon no kumamoto ramen,熊本熊 猪骨拉面,Dry Goods & Ramen
j-basket japanese somen noodle - 28.21oz,日本 上州素面 28.21oz,Dry Goods & Ramen
jb sanma kabayaki saury,日式浦烧秋刀鱼,Dry Goods & Ramen
jiang hu hot & sour noodle cup - 138g,江湖 酸辣粉 138g,Dry Goods & Ramen
jjajang topokki rice cake,韩国炒年糕 炸酱味,Dry Goods & Ramen
kang ya ku konjac powder - 40g,康雅酷 冰粉粉创意DIY甜品 原味 40g,Dry Goods & Ramen
kiki just noodle green onion flavor,台湾Kiki 葱油拌面,Dry Goods & Ramen
kiki just noodle spicy & vinegar flavor,台湾Kiki 老醋辣面,Dry Goods & Ramen
kiki just noodle szechuan spicy flavor - 450g,台湾Kiki 椒麻拌面 450g,Dry Goods & Ramen
kokuho rose original sushi rice - 15 lbs,红国宝白米 15lbs,Dry Goods & Ramen
li zi qi instant noodle chili oil flavor,李子柒 红油面皮,Dry Goods & Ramen
li zi qi instant noodle szechwan pepper flavor,李子柒 椒麻宽面,Dry Goods & Ramen
liang cheng mei biang biang noodles - 255g,良呈美 BiangBiang面 255g,Dry Goods & Ramen
lin sheng ji black sesame & black bean powder,林生记 芝麻黑豆粉,Dry Goods & Ramen
liu po hotpot condiment - 580g (serves 4-6),六婆 火锅底料 半固态复合调味料 580g 4-6人食用,Dry Goods & Ramen
liu yi shou handmade hotpot condiment medium spicy - 500g,重庆刘一手 手工牛油火锅底料 中辣 2-4人份 500g,Dry Goods & Ramen
long kou vermicelli - 500g,龙口粉丝 500g,Dry Goods & Ramen
lotus seed 10oz,莲子 10oz,Dry Goods & Ramen
luo ba wang instant rice noodle tomato flavor,螺霸王 螺蛳粉 番茄味,Dry Goods & Ramen
marukome fd miso tofu soup (serves 3),Marukome 豆腐味增汤 3人份,Dry Goods & Ramen
nishiki healthy brown rice - 15lb,养生玄米 15lb,Dry Goods & Ramen
noodle garden shanghai yangchun noodles - 4lb,面香源 上海阳春面 4lb,Dry Goods & Ramen
noodle garden tomoshiraga somen noodles - 4lb,面香源友 白发素面 4lb,Dry Goods & Ramen
oriental masco luncheon meat - 340g,吉祥牌 午餐肉 340g,Dry Goods & Ramen
qian fen xi shi xin jiang noodles mild spicy 250g,千粉西施 新疆特色炒米粉 微辣 250g,Dry Goods & Ramen
ra farm luncheon meat,中华午餐肉,Dry Goods & Ramen
shi zu ren sesame noodles,食族人 麻酱面皮,Dry Goods & Ramen
shin ramyun black (4 pack),辛辣面 黑 (4包),Dry Goods & Ramen
shin ramyun red (4 pc),辛拉面 红 (4包),Dry Goods & Ramen
spicy king shreded preserved vegetable - 100g,川霸王 袋装榨菜丝 麻辣味 100g,Dry Goods & Ramen
spicy king shreded preserved vegetable spicy & sour flavor - 100g,川霸王 袋装榨菜丝 酸辣味 100g,Dry Goods & Ramen
sweet glutinous rice - 5lb,红梅糯米 - 5磅,Dry Goods & Ramen
three horses thai sweet rice - 25lb,三马 糂米/糯米 25lb,Dry Goods & Ramen
twin marquis hongkong style pan fried noodles - 454g,真味 港式炒面 454g,Dry Goods & Ramen
vegetarian pepper flavor meal kit,袁鲜 藤椒钵钵鸡,Dry Goods & Ramen
wei long konjac vermicelli hot & sour flavor - 301g,卫龙 酸辣魔芋粉 301g,Dry Goods & Ramen
wei-chuan organic millet - 396g,味全 有机小米 396g,Dry Goods & Ramen
xiangnian spring onion noodle - 276g (serves 2),想念 葱油拌面 两人份 内附酱料 276g,Dry Goods & Ramen
xiangnian wuhan instant noodle (serves 2),想念 热干面 两人份 内附酱料,Dry Goods & Ramen
yamamoto spicy mixed ramen (serves 2),山本辣拌拉面 (2人份),Dry Goods & Ramen
yangchen cordyceps flower dried - 100g,养辰 虫草花干 100g,Dry Goods & Ramen
yellow kokuho rice - 15lb,黄国宝白米 15lb,Dry Goods & Ramen
yuan xian vegetarian spicy flavor meal kit,袁鲜 红油方便钵钵鸡,Dry Goods & Ramen
zhu da fu grill cold noodles - 615g,朱大福 烤冷面 615g (附带烧烤调料/烤冷面酱/刷子),Dry Goods & Ramen
aged vinegar - 500ml,老陈醋 500ml,Pantry
asian taste vegetable oil - 48oz,东之味 菜油,Pantry
bear coming new orleans marinade honey flavor,小熊驾到 新奥尔良烤翅 蜜汁味,Pantry
bear coming new orleans marinade spicy flavor,小熊驾到 新奥尔良烤翅调料 微辣,Pantry
black garlic - 250g,阜盈黑蒜 248g,Pantry
black melon seeds,黑瓜子,Pantry
canadian pure natural honey,加拿大 纯正蜂蜜,Pantry
chan & chan chinese brand sausage,喜上喜 汾酒切肉肠,Pantry
cinnamon (1 bag),桂皮 (1袋),Pantry
cui hong chili powder,翠宏老味干碟,Pantry
cumin (1 bag),精选孜然粒 (1包),Pantry
de zhuang braised pork seasoning - 5.29oz,德庄 秘制红烧牛肉调料 150g,Pantry
de zhuang hot pot base 75,德庄 清油麻辣火锅底料75,Pantry
de zhuang hot pot base mushroom flavor - 5.29oz,德庄 牛肝菌菌汤火锅底料 150g,Pantry
de zhuang hot pot soup base -7.76oz,德庄 清油麻辣火锅底料65 220g,Pantry
de zhuang hot pot soup base 52 degree spicy - 7.76oz,德庄 清油麻辣火锅底料 52度辣 220g,Pantry
de zhuang hot pot soup base savory taste - 7.76oz,德庄 三鲜火锅底料 220g,Pantry
de zhuang hot pot soup base tomato flavor - 7.76oz,德庄 番茄火锅底料 220g,Pantry
de zhuang mala hot pot soup base - 7.76oz,德庄 清油麻辣火锅底料45 220g,Pantry
dezhuang beef maw & pork blood seasoning - 5.64oz,德庄 毛血旺调料 160g,Pantry
dried whole mackerel fried fish,珠江桥牌 鲜炸鲮鱼,Pantry
fan sao guang brickle radish - 280g,饭扫光 脆萝卜 280g,Pantry
fan sao guang preserved bamboo shoot - 280g,饭扫光 野竹笋 280g,Pantry
fan sao guang preserved mushroom - 280g,饭扫光 野香菌 280g,Pantry
gas (4 pc),煤气 (4罐),Pantry
glutinous rice flour,糯米粉,Pantry
gold plum chinkiang vinegar,金梅牌 镇江香醋 550ml,Pantry
goldon lion dried star anise - 12oz,金狮牌 大红八角 12oz,Pantry
guangming preserved duck egg - 375g (6 packs),光阳 无铅海鸭皮蛋 375g 六只装,Pantry
haday excellent dark soy sauce - 500ml,海天牌 老抽王 500ml,Pantry
haday premium seasoned soy sauce - 500ml,海天牌 一品鲜酱油 500ml,Pantry
haday premium soy sauce - 1.9l,海天牌 味极鲜酱油 1.9L,Pantry
haday premium soy sauce - 750ml,海天牌 味极鲜酱油 750ml,Pantry
haday signature oyster sauce - 720g,海天 招牌蚝油 720g,Pantry
haday soy bean sauce - 11.9oz,海天牌 招牌黄豆酱 340g,Pantry
haday superior light soy sauce - 500ml,海天牌生抽王 (500ml),Pantry
haday tasty seafood flavored soy sauce - 500ml,海天牌 海鲜酱油 500ml,Pantry
haidilao boiled fish seasoning,海底捞 精品水煮鱼调味料,Pantry
haidilao hot pot seasoning spicy flavor,海底捞 浓香牛油火锅底料,Pantry
haidilao hotpot seasoning (butter flavor),海底捞 浓香牛油火锅底料,Pantry
haidilao hotpot seasoning broth flavor,海底捞 清汤火锅汤料,Pantry
haidilao hotpot seasoning mushroom flavor,海底捞 菌汤火锅汤料,Pantry
haidilao hotpot seasoning shrimp flavor,海底捞 上汤三鲜火锅底料,Pantry
haidilao hotpot seasoning tomato flavor,海底捞 番茄火锅底料,Pantry
haidilao pickled cabbage seasoning,海底捞 精品酸菜鱼调味料,Pantry
haidilao sea fishing eating oatmeal green pepper sauce - 7.4oz,海底捞 燕麦青椒佐餐酱 210g,Pantry
haidilao soybean sauce,海底捞 红葱黄豆佐餐酱,Pantry
haidilao spicy sauce for crawfish - 200g,海底捞 麻辣小龙虾调味料 200g,Pantry
haidilao spicy sauce for stir fry - 7.8oz,海底捞 麻辣香锅调味料 110g,Pantry
haitian soy sauce for steamed fish,海天牌蒸鱼豉油,Pantry
hanasia gochujang hot pepper paste,韩亚 韩囯辣豆瓣酱,Pantry
hong ya dong hot pot soup base double flavor - 400g,洪崖洞 鸳鸯火锅底料 400g,Pantry
house wasabi paste - 1.5oz,house 芥末 1.5oz,Pantry
huy fong ghili garlic sauce - 18oz,汇丰 蒜蓉辣椒酱 18oz,Pantry
huy fong sriracha sauce - 17oz,汇丰 是拉差香甜辣椒酱 17oz,Pantry
jin rui yi black sesame powder,金瑞益 黑芝麻粉,Pantry
kadoya pure sesame oil - 56oz,Kadoya 纯净上等麻油 56oz,Pantry
kadoya sesame oil - 11oz,八角 麻油 11oz,Pantry
kiki hot sauce,台湾Kiki 麻辣酱,Pantry
kikkoman soy sauce - 3.79l,万字酱油 (大),Pantry
kikkoman steak sauce,KIKKOMAN万字牌 牛排酱汁,Pantry
kikkoman teriyaki sauce honey & pineapple flavor,KIKKOMAN万字牌 照烧汁 含蜂蜜和菠萝,Pantry
kimbo taiwan rice bread powder - 500g,金宝台湾 发糕粉 550g,Pantry
kimchi,韩国泡菜,Pantry
korean bbq sauce (bulgogi) - 29.63oz,韩国烧烤酱 (Bulgogi) 29.63oz,Pantry
korean bbq sauce (kalbi) - 29.63oz,韩国烧烤酱 (Kalbi) 29.63oz,Pantry
lao gan ma chili oil sauce,老干妈 风味油辣椒,Pantry
lao gan ma chili oil w. black bean,老干妈 风味豆豉 油制辣椒,Pantry
lao gan ma hot chili sauce,老干妈 辣三丁油辣椒,Pantry
lao gan ma hot crispy sauce - 210g,老干妈 香辣脆 210g,Pantry
lee kum kee peppercorn chili oil - 115ml,李锦记 花椒辣椒油 115ml,Pantry
lion & globe pure peanut oil - 900ml,狮球唛 纯正花生油 900ml,Pantry
little sheep hot pot soup base - 235g,小肥羊 火锅底料辣汤 235g,Pantry
liu yi shou hot pot base - 200g,刘一手 老火锅底料 200g,Pantry
liubiju cucumber sauce - 250g,六必居 甜酱黄瓜 250g,Pantry
liubiju preserved hot vegetable - 290g,六必居 北京辣菜 290g,Pantry
liubiju sesame paste - 300g,六必居 混合芝麻酱 300g,Pantry
liupo qingyou hotpot soup base,六婆 清油火锅底料,Pantry
luncheon meat ham & pork - 340g,金华 火腿午餐肉 340g,Pantry
mae ploy sweet chili sauce,Mae Ploy 甜酸辣酱,Pantry
mi po po glutinous rice,米婆婆 甜酒酿,Pantry
mogami sweetened condensed creamer,最上炼奶,Pantry
moral villages hot pot seasoned oil - 60g,德庄 火锅专用油碟 60g,Pantry
moral villages pickled cabbage fish seasoning,德庄 老坛酸菜鱼调料,Pantry
ningjin red soup hotpot base - 300g,宁记 红汤火锅底料 300g,Pantry
niutou sa-teh sauce,牛头牌 沙茶酱 (大),Pantry
roasted white sesame - 8oz,特级白芝麻 8oz,Pantry
s&b golden curry sauce extra hot - 7.8oz (5 boxes),S&B 金牌咖喱块 特辣 7.8oz,Pantry
s&b golden curry sauce mild - 220g,S&B 金牌咖喱块 微辣 220g,Pantry
s&b shichimi togarashi 0.52g,S&B 七味粉 0.52g,Pantry
salt,盐,Pantry
san wu hot pot soup base - 150g,三五 火锅料 150g,Pantry
sesame sauce - 16.2oz,明德 芝麻酱,Pantry
shaosing cooking wine,绍兴特级厨用料酒 花雕酒,Pantry
spicy king shredded radish hot 400g,川霸王袋装搾菜丝（辣味）,Pantry
spicy king shredded radish original flavor - 400g,川霸王 袋装榨菜丝 原味 400g,Pantry
spicy king sichuan sauce for spicy dishes - 12.3oz,川霸王 川味炒菜酱料 2号麻辣型 350g,Pantry
sugar - 4lb,白砂糖 4lb,Pantry
three crabs fish sauce,Three Crabs 鱼露,Pantry
tian cheng red beans - 340g,天成 天津红豆 340g,Pantry
tian chu soybeans - 2lb,天厨 大黄豆 2lb,Pantry
tiancheng brown sugar,天成 纯正红糖,Pantry
tiancheng dried chili - 9oz,天成 辣椒干 9oz,Pantry
tiancheng green beans - 340g,天成 绿豆,Pantry
tiancheng pepper,天成 青花椒,Pantry
tying twine (4 ply),粽绳 (1盒),Pantry
wang shou yi thirteen flavor seasoning,王守义十三香,Pantry
wang zhihe rose fermented bean curd,王致和玫瑰腐乳,Pantry
wangzhihe preserved bean curd - 240g,王致和 香辣腐乳 240g,Pantry
wei-chuan mung bean - 396g,味全 绿豆 396g,Pantry
wheat flour - 5.5lb,富强粉/面粉 髙筋/饺子面条专用,Pantry
white sesame (1 bag),品牌白芝麻 (1包),Pantry
xin he onion mate soybean paste - 800g,欣和 葱伴侣 六月香黄豆酱 800g,Pantry
xin he sweet bean sauce - 800g,欣和 葱伴侣 六月香甜面酱 800g,Pantry
yuna&lynn extra virgin avocado oil - 500ml,Yuna&Lynn 特级初榨牛油果油 500ml,Pantry
zhuang yuan boiled salted duck egg - 288g (4 pc),庄园 熟咸蛋 288g (4个),Pantry
zhuang yuan preserved duck eggs - 272g(4 pc),庄园 糖心松花皮蛋 272g,Pantry
ai shang shrimp chips braised beef flavor - 180g,爱尚 咪咪虾条 红烧牛肉味 180g,Snacks & Desserts
ai shang shrimp chips original flavor - 180g,爱尚 咪咪虾条 原味 180g,Snacks & Desserts
ai shang shrimp chips spicy crawfish flavor - 180g,爱尚 咪咪虾条 麻辣小龙虾味 180g,Snacks & Desserts
aji cake hokkaido milk flavor - 330g,AJI 长崎蛋糕 北海道牛奶味 330g,Snacks & Desserts
aji cake matcha flavor - 330g,AJI长崎蛋糕 清新抹茶味 330g,Snacks & Desserts
aji cake yogurt flavor - 330g,AJI 长崎蛋糕 乳酸味 330g,Snacks & Desserts
akai bohshi purple box (16 pc),红帽子 法式饼干礼盒 紫色 (16片),Snacks & Desserts
ban duo le squid snack hot & spicy flavor - 20g,拌多乐 鱿鱼海鲜零食 麻辣味 20g,Snacks & Desserts
ban duo le squid snack original flavor - 20g,拌多乐 鱿鱼海鲜零食 原味 20g,Snacks & Desserts
ban duo le squid snack sweet spicy flavor - 20g,拌多乐 鱿鱼海鲜零食 甜辣味 20g,Snacks & Desserts
billionaire sun cake - 6.7oz (5 pc),亿万两 太阳饼 190g (5个),Snacks & Desserts
billionaire tamba cake,亿万两 御丹波,Snacks & Desserts
bourbon chocolate chip cookies,Bourbon 巧克力曲奇饼干,Snacks & Desserts
bourbon every burger cookie - 66g,日本布尔本 汉堡饼干 66g,Snacks & Desserts
calbee corn cracker eel kabayaki flavor - 80g,卡乐比 栗一烧 蒲烧鳗鱼味 80g,Snacks & Desserts
calbee corn cracker garlic flavor - 80g,卡乐比 栗一烧 烧蒜味 80g,Snacks & Desserts
calbee corn cracker lobster flavor - 80g,卡乐比 栗一烧 龙虾味 80g,Snacks & Desserts
calbee corn cracker mala spicy flavor - 80g,卡乐比 栗一烧 麻辣味 80g,Snacks & Desserts
calbee corn cracker spicy flavor - 80g,卡乐比 栗一烧 香辣味 80g,Snacks & Desserts
calbee potato chips honey butter - 80g,卡乐比 薯片 蜂蜜黄油味 80g,Snacks & Desserts
calbee potato chips hot & spicy flavor 80g,卡乐比 热浪薯片 辣味 80g,Snacks & Desserts
calbee potato chips pizza flavor 63g,卡乐比 薯片 披萨味 63g,Snacks & Desserts
calbee potato chips salt & seaweed flavor - 80g,卡乐比 薯片 海盐味 80g,Snacks & Desserts
chacha sunflower seed pecan flavor - 108g,洽洽 海盐瓜子 108g,Snacks & Desserts
chacha sunflower seed pecan flavor - 160g,洽洽 山核桃瓜子 160g,Snacks & Desserts
chacha sunflower seeds - 285g,洽洽 原味瓜子 285g,Snacks & Desserts
chaffle bread yogurt flavor,爱乡亲华夫面包 乳酪味,Snacks & Desserts
chang song biscuit milk flavor - 230g,台湾长松 鲜奶棒 230g,Snacks & Desserts
changsong biscuit chocolate flavor - 230g,台湾长松 巧克力棒 230g,Snacks & Desserts
chao you wei cake milk tea flavor - 180g,超友味 珍珠奶茶蛋糕 180g,Snacks & Desserts
crave natural adzuki bean oatmeal - 1.8oz,红豆枸杞枣粥,Snacks & Desserts
crave natural black sesame oatmeal,黑芝麻杂粮糊,Snacks & Desserts
crave natural holiday basket,Crave Natural 醇香低糖燕麦粥 节日大礼盒,Snacks & Desserts
crave natural silk osmanthus oatmeal,Crave Natural 桂花豆奶麦片,Snacks & Desserts
crave natural taro black tea oatmeal,Crave Natural 香芋红茶麦片,Snacks & Desserts
crave natural variety pack oatmeal -1.8oz (4 cups),Crave Natural 健康低糖燕麦粥 1.8oz (4杯),Snacks & Desserts
da li yuan egg pie strawberry flavor - 25g,达利园 注心派 草莓味 25g,Snacks & Desserts
da zhang fei rice cracker five spice flavor,大张飞 好巴来巴小米锅巴 五香味,Snacks & Desserts
da zhang fei rice cracker spicy flavor - 105g,大张飞 好巴来巴小米锅巴 麻辣味 105g,Snacks & Desserts
daiichi pan mini custard bread (7 pc),Daiichi 夹心小面包 (7个),Snacks & Desserts
dao xiang cun bread twist sesame flavor,稻香村 芝麻麻花,Snacks & Desserts
dorayaki japanese pancakes w. sweet red bean - 9.87oz,Dorayaki 红豆铜锣烧 9.87oz,Snacks & Desserts
formosa pork sung - 18oz,宝岛肉酥 18oz,Snacks & Desserts
fu wei handmade twisted roll brown sugar flavor,福味 手工麻花卷 黑糖,Snacks & Desserts
fupi beancurd skin crisps hotpot tomato flavor,新加坡FUPI 豆皮脆 番茄火锅味,Snacks & Desserts
fupi beancurd skin crisps mala flavor,新加坡FUPI 豆皮脆 四川麻辣味,Snacks & Desserts
ga ga zui fish tofu bbq flavor - 22g (30 packs),嘎嘎嘴 鱼豆腐 烧烤味 22g (30包),Snacks & Desserts
ga ga zui fish tofu crab flavor - 22g (30 packs),嘎嘎嘴 鱼豆腐 蟹香味 22g (30包),Snacks & Desserts
ga ga zui fish tofu spicy flavor (30 pack),嘎嘎嘴 鱼豆腐 香辣味 (30包),Snacks & Desserts
gagazui braised lotus roots,嘎嘎嘴 卤藕片,Snacks & Desserts
gagazui braised seaweed spicy flavor - 33g (33 count),嘎嘎嘴卤海带 香辣味 33g (30包),Snacks & Desserts
gan yuan roasted beans crab flavor,甘源牌 蟹黄味蚕豆,Snacks & Desserts
gan yuan sunflower seeds crab flavor,甘源 蟹黃味瓜子仁,Snacks & Desserts
garton wafers coconut flavor,嘉顿 威化饼 椰香口味,Snacks & Desserts
ginbis animal biscuits butter flavor - 50g,GINBIS金必氏 愉快动物饼干 黄油味 50g,Snacks & Desserts
ginbis animal biscuits coconut flavor - 50g,GINBIS金必氏 愉快动物饼干 椰香味 50g,Snacks & Desserts
ginbis dream animal biscuits seaweed flavor - 50g,GINBIS金必氏 愉快动物饼干 海苔味 50g,Snacks & Desserts
glico pocky almond crush chocolate sticks,固力果杏仁粒棒,Snacks & Desserts
glico pocky chocolate flavor,固力高 巧克力棒,Snacks & Desserts
glico pocky strawberry flavor,固力高草莓棒,Snacks & Desserts
green town northeastern pancake millet flavor - 220g,格林小镇 东北煎饼 小米口味 220g,Snacks & Desserts
green town northeastern pancake whole gain flavor - 220g,格林小镇 东北煎饼 五粮口味 220g,Snacks & Desserts
guan yi de black cookies - 308g,冠易德 黑金饼 308g,Snacks & Desserts
hapi bing bing cone snack strawberry fillings,冰淇淋饼干 草莓味,Snacks & Desserts
hapi bing bing cone snack w. chocolate fillings,冰淇淋饼干 巧克力味,Snacks & Desserts
hapi dry roasted edamame,Hapi 干毛豆,Snacks & Desserts
hapi ice cream cone snack green tea flavor - 2.5 oz (8 pc),Hapi 冰淇淋饼干 抹茶味 2.5oz (8个/盒),Snacks & Desserts
hapi mixed crackers snack,Hapi 什锦饼干零食,Snacks & Desserts
haw flakes,菊花山楂饼,Snacks & Desserts
hong kong runzhi crispy fish skin salted egg yolk flavor - 50g,香港润志 香脆鱼皮 咸蛋黄味 50g,Snacks & Desserts
huang fei hong peanut - 210g,黄飞红 香辣麻辣花生 210克,Snacks & Desserts
huierkang peanut milk drink - 365g,惠尔康 牛奶花生 365g,Snacks & Desserts
i mei frozen cheesecake - 400g,义美 芝士蛋糕 400g,Snacks & Desserts
i mei frozen chocolate cake - 14.11oz,义美 巧克力蛋糕 14.11oz,Snacks & Desserts
i mei frozen honey cake - 400g,义美 蜂蜜蛋糕 400g,Snacks & Desserts
i mei puff custard pudding family size (3 pc),台湾IMEI义美 小泡芙 鸡蛋布丁味 (3包),Snacks & Desserts
i mei puff lemon flavor (3 pc),台湾IMEI义美 小泡芙 柠檬味 (3包),Snacks & Desserts
i mei puff milk flavor - 65g (3 packs),台湾IMEI义美 小泡芙 牛奶味 65g (3包),Snacks & Desserts
imei puff strawberry flavor (3 pc),台湾IMEI义美 小泡芙 草莓味 (3包),Snacks & Desserts
jing yi zhen red sugar sachima - 608g,精益珍 红糖沙琪玛 608g,Snacks & Desserts
kanro pure gummy grape flavor,KANRO PURE果肉果汁咀嚼弹力软糖 葡萄味,Snacks & Desserts
kasugai green peas & beans,春日井芥末什锦豆,Snacks & Desserts
kasugai peanuts - 2.01oz,春日井什豆子 2.01oz,Snacks & Desserts
kitkat ocean salt chocolate - 150g,雀巢海盐巧克力 150g,Snacks & Desserts
korean traditional seasoned seaweed original flavor (3 pc),韩国原味海苔 (3包入),Snacks & Desserts
korean traditional seasoned seaweed wasabi flavor (3 pc),韩国海苔 芥末味 (3包),Snacks & Desserts
kotobuki pancake sweet bean chestnuts flavor,北海道 栗子铜锣烧,Snacks & Desserts
kou show spicy peanuts - 150g,口水族 川香麻辣花生 150g,Snacks & Desserts
lays chips cucumber flavor - 70g,乐事 薯片 黄瓜味 70g,Snacks & Desserts
lays chips original flavor - 70g,乐事 薯片 经典原味 70g,Snacks & Desserts
lays chips wasabi flavor - 70g,乐事 薯片 芥香味 70g,Snacks & Desserts
lays potato chips black pepper flavor - 104g,乐事 薯片 黑椒牛扒味 104g,Snacks & Desserts
lays potato chips rich fragrant toffee flavor - 70g,乐事 薯片 香浓奶糖味 70g,Snacks & Desserts
lays potato chips spicy crayfish flavor - 70g,乐事 薯片 香辣小龙虾味 70g,Snacks & Desserts
lays potato chips tomato flavor - 70g,乐事 薯片 真浓番茄味 70g,Snacks & Desserts
lays yam crisps cucumber flavor - 80g,乐事 山药薄片 清新黄瓜味 80g,Snacks & Desserts
lays yam crisps tomato flavor - 80g,乐事 山药薄片 田园番茄味 80g,Snacks & Desserts
le jin ji yogurt fillings bread - 380g,乐锦记 乳酪软心面包 380g,Snacks & Desserts
le zi delicious mini twist brown sugar flavor,乐滋 口水小麻花 黑糖味,Snacks & Desserts
le zi delicious mini twist honey flavor,乐滋 口水小麻花 蜂蜜味,Snacks & Desserts
le zi delicious mini twist sesame flavor,乐滋 口水小麻花 芝麻味,Snacks & Desserts
lipo cream egg cookies butter flavor,越南LIPO利葡 香酥面包干 黄油味,Snacks & Desserts
liziqi nuts lotus root starch - 350g,李子柒 桂花坚果藕粉 350g,Snacks & Desserts
lotte chocolate green tea pie,乐天 绿茶巧克力派,Snacks & Desserts
lotte chocolate pie,乐天 巧克力派,Snacks & Desserts
lotte custard cream cakes (6 pc),LOTTE乐天 奶油蛋黄派 (6枚),Snacks & Desserts
lotte koala biscuit chocolate flavor,乐天小熊饼干 巧克力味,Snacks & Desserts
lotte koala biscuit strawberry flavor - 195g,乐天 小熊饼干 草莓味 195g,Snacks & Desserts
lotte pepero chocolate filled stick,乐天 Pepero巧克力棒,Snacks & Desserts
marukin baked cake roll - 295g,MARUKIN丸金 千层卷蛋糕 295g,Snacks & Desserts
marukin baum sliced cake,MARUKIN丸金 切片千层蛋糕,Snacks & Desserts
marukin muffin - 255g,Marukin 家庭小蛋糕 北海道产牛乳 255g,Snacks & Desserts
marukin sliced cake chocolate flavor,切片千层糕 巧克力味,Snacks & Desserts
master kong 3 & 2 roll chocolate flavor,康师傅3+2夹心卷 巧克力味,Snacks & Desserts
meiji almond ball chocolate,Meiji明治 杏仁巧克力豆,Snacks & Desserts
meiji apollo biscuit strawberry chocolate flavor,Meiji明治 草莓巧克力饼干,Snacks & Desserts
meiji baby chocolate beans - 102g,Meiji明治 BABY巧克力豆 102g,Snacks & Desserts
meiji baked wheat biscuit kinokono yama flavor,Meiji明治 草菇巧克力饼干,Snacks & Desserts
meiji baked wheat biscuit takenoko no sato chocolate flavor - 70g,Meiji明治 笋子巧克力饼干 70g,Snacks & Desserts
meiji black chocolate,Meiji明治 钢琴黑巧克力,Snacks & Desserts
meiji chelsea candy butter flavor,Meiji明治 雀儿喜糖 奶油味,Snacks & Desserts
meiji chelsea candy yogurt flavor,Meiji明治 雀儿喜糖 乳酪味,Snacks & Desserts
meiji milk chocolate - 50g,Meiji明治 钢琴牛奶黑巧克力 50g,Snacks & Desserts
meiji panda chocolate filling cookie - 60g,Meiji明治 熊猫巧克力夹心饼干 60g,Snacks & Desserts
meiji panda cookie milk cream filling - 60g,Meiji明治 熊猫牛奶夹心饼干 60g,Snacks & Desserts
meiji panda cookie strawberry filling - 60g,Meiji明治 熊猫草莓夹心饼干 60g,Snacks & Desserts
meiji yan yan dipping sticks chocolate & strawberry double cream,Meiji明治 YANYAN巧克力草莓酱幸运脆棒,Snacks & Desserts
meiji yan yan dipping sticks chocolate flavor,Meiji明治 YANYAN巧克力幸运脆棒,Snacks & Desserts
meiji yan yan dipping sticks strawberry flavor,Meiji明治 YANYAN草莓酱幸运脆棒,Snacks & Desserts
meiji yan yan dipping sticks vanilla flavor - 57g,Meiji明治 YANYAN幸运脆棒 香草味 57g,Snacks & Desserts
morinaga hi chew candy mixed flavor - 50g,Hi Chew 果汁糖 综合口味 50g,Snacks & Desserts
nabisco oreo cookie matcha flavor -154g (24 count),奥利奥 夹心饼干 抹茶蛋糕味 154g (24枚),Snacks & Desserts
nestle kitkat black mini biscuit - 5.1oz,雀巢 黑巧克力饼干 5.1oz,Snacks & Desserts
nestle kitkat rich mini biscuit green tea flavor - 4.7oz,雀巢 特浓绿茶巧克力饼干 4.7oz,Snacks & Desserts
nestle kitkat salty lychee mini biscuit - 127g,雀巢 威化饼干 咸荔枝味 127g,Snacks & Desserts
nissin ciscos crisp biscuit milk chocolate flavor,日清Cisco 牛奶巧克力脆饼,Snacks & Desserts
nori maki arare rice cracker,海苔卷,Snacks & Desserts
oishi potato chips sweet & spicy flavor - 50g,上好佳 田园甜辣薯片 50g,Snacks & Desserts
oishi potato chips tomato flavor - 50g,上好佳 薯片 田园番茄味 50g,Snacks & Desserts
oishi prawn crackers - 40g (12 packs),上好佳 鲜虾条 40g,Snacks & Desserts
oishi shrimp flakes,上好佳 鲜虾片,Snacks & Desserts
pei tien 99 energy bar (eff yolk flavor),北田 能量棒 蛋黄味,Snacks & Desserts
pocky double rich matcha - 58g,POCKY百奇 特浓抹茶涂抹饼干棒 58g,Snacks & Desserts
qiao da niang vegan beef tripe spicy flavor - 18g (20 pc),巧大娘 素毛肚 麻辣味 18g (20包),Snacks & Desserts
qq gummies mixed flavor,QQ果汁糖 综合口味,Snacks & Desserts
rock sugar (1 bag),手工冰糖 (1袋),Snacks & Desserts
sabri samurai cookie milk egg flavor (8 pc),莎布蕾 武士曲奇 牛奶鸡蛋羹味 (8枚),Snacks & Desserts
sachima original flavor,原味沙琪玛,Snacks & Desserts
shiguangyouran sesame spicy bean curd - 145g,食光悠然 芝麻大辣串 145g,Snacks & Desserts
somoving traditional yogurt popsicle original flavor - 480g,好感冻 老酸奶冰棍 原味 480g,Snacks & Desserts
somoving yogurt popsicle yogurt flavor,好感冻 益生菌酸奶棒 酸奶味,Snacks & Desserts
south word brand brown candy 400g,南字牌 冰片糖 400g,Snacks & Desserts
sunity dessert hot pot (matcha flavor),生和堂 点翠抹茶甜品火锅,Snacks & Desserts
sunity dessert hot pot black tea flavor,生和堂 红茶奶苏甜品火锅,Snacks & Desserts
sunity dessert hot pot cocoa flavor,生和堂 可可慕桃甜品火锅,Snacks & Desserts
taisun mixed congee (6 pc),泰山八宝粥 (6个),Snacks & Desserts
taiwan peitien hello kitty grains rice roll egg yolk flavor - 160g,台湾北田 HELLO KITTY 谷物米卷 蛋黄口味 160g,Snacks & Desserts
thailand flavor rice snacks - 75g,泰国风味炒米 75g,Snacks & Desserts
three squirrel grandma sweet yogurt yellow peach sago flavor - 300g,三只松鼠 奶奶甜 酸奶黄桃西米露 300g,Snacks & Desserts
three squirrel nuts series pecan nuts,三只松鼠 碧根果仁,Snacks & Desserts
three squirrel roasted cashew,三只松鼠 炭烧腰果,Snacks & Desserts
three squirrels dried mango - 116g,三只松鼠 芒果干 116g,Snacks & Desserts
tian fu ming pin hot pot fish skin chips - 4.23oz,天富名品 火锅炸鱼皮 120g,Snacks & Desserts
tohato corn puff original flavor - 45g,东鸠 奶油玉米果 45g,Snacks & Desserts
toms almond honey butter flavor,韩国蜂蜜黄油杏仁,Snacks & Desserts
toms almond wasabi flavor,韩国芥末杏仁,Snacks & Desserts
toofy duck duck neck (1 pack),颓废鸭 麻辣鸭脖 (1包),Snacks & Desserts
toofy duck duck wing (1 pack),颓废鸭 麻辣鸭翅 (1包),Snacks & Desserts
uha extra milky candy - 105g,悠哈 特浓牛奶糖 105g,Snacks & Desserts
uncle yu fish roe ball original flavor,渔家翁 鱼籽蛋/鱼仔蛋 原味,Snacks & Desserts
uncle yu fish roe ball spicy flavor,渔家翁 鱼籽蛋/鱼仔蛋 香辣味,Snacks & Desserts
uncle yu shrimp scallops spicy flavor,渔家翁 虾夷扇贝 香辣味,Snacks & Desserts
ve wong prince noodle bacon flavor,台湾味王 小王子干脆面 培根味,Snacks & Desserts
ve wong prince noodle original flavor,台湾味王 小王子干脆面 原味,Snacks & Desserts
ve wong prince noodle seaweed flavor,台湾味王 小王子干脆面 海荅味,Snacks & Desserts
want want hot kid cookie ball honey flavor,旺仔小馒头 蜂蜜味,Snacks & Desserts
want want hot kid cookie ball milk flavor - 210g,旺旺 旺仔小馒头 特浓牛奶味 210g,Snacks & Desserts
want want hot-kid cookie ball honey flavor - 210g,旺旺 旺仔小馒头 蜂蜜味 210g,Snacks & Desserts
want want jelly mixed flavor -750g,旺旺 维多粒吸吸果冻 混合装 750g,Snacks & Desserts
want want potato twists tomato flavor - 70g,旺旺 浪味仙 番茄味 70g,Snacks & Desserts
want want potato twists vegatables flavor - 42g,旺旺 浪味仙 田园蔬菜味 42g,Snacks & Desserts
want want rice crackers,旺旺 仙贝 92g,Snacks & Desserts
want want rice crackers - 520g,旺旺 仙贝 520g,Snacks & Desserts
want want rice crackers original flavor - 60g,旺旺小小酥 原味 60g,Snacks & Desserts
want want shelly senbei rice cracker - 520g,旺旺雪饼 520g,Snacks & Desserts
wasabi peas 9oz,韩国芥末豌豆 9oz,Snacks & Desserts
wei long beancurd sheet spicy flavor - 180g,卫龙 香辣腐竹 180g,Snacks & Desserts
wei long da mian jin - 102g,卫龙 大面筋辣条 102g,Snacks & Desserts
wei long dried beancurd - 60g,卫龙 亲嘴豆皮 60g,Snacks & Desserts
wei long fried stinky tofu spicy - 120g,卫龙 臭豆腐 120g,Snacks & Desserts
wei long hot konjac spicy flavor - 350g,卫龙 魔芋爽 香辣味 350g,Snacks & Desserts
wei long little spicy fish - 150g,卫龙 小鱼 香辣味 150g,Snacks & Desserts
wei long mini hotstrip spicy - 312g,卫龙 小面筋 香辣味 312g,Snacks & Desserts
white rabbit creamy candy - 108g,大白兔 奶糖 原味 108g,Snacks & Desserts
ya si jia chadian cake,雅思嘉 茶点小厨蛋糕,Snacks & Desserts
yan ting yu fu sausage snacks corn flavor - 28g (20 pc),炎亭 渔夫鱼肠 玉米味 28g (20支/盒),Snacks & Desserts
yan ting yu fu sausage snacks spicy flavor,炎亭 渔夫鱼肠 香辣味,Snacks & Desserts
yogurt juice popsicle mixed flavor,乳酸棒棒冰 综合口味,Snacks & Desserts
zhen xiang vegetarian jerky beef flavor 80g,禛香 禛香肥牛 大豆素肉 牛肉味 80g,Snacks & Desserts
afu centella moisturizing pure gel - 125ml,阿芙积雪草保湿纯露 125ml,Hair & Skin Care
afu essential oil body lotion - 500ml,阿芙 晨露玫瑰精油身体乳 500ml,Hair & Skin Care
afu rosemary verbenone hydrosol - 125ml,阿芙 马鞭草酮迷迭香马迷纯露 125ml,Hair & Skin Care
all smile make up cotton,All Smile 化妆棉,Hair & Skin Care
australia cemoy 21 aurora good night essence 42ml (21 pack),澳洲Cemoy 21 极光晚安精华液 42ml (21包),Hair & Skin Care
australia unichi birds nest essence (60 capsules),澳洲Unichi 燕窝精华胶囊 (60粒),Hair & Skin Care
bai mei yi ren toothpaste powder - 50g,佰魅伊人 洁牙粉洗牙粉 50g,Hair & Skin Care
banila co clean it zero makeup remover - 100ml,韩国BANILA CO芭妮兰 卸妆膏 100ml,Hair & Skin Care
bcl saborino good night mask daisy orange (28 pc),BCL SABORINO 雏菊橘子晚安面膜 (28枚),Hair & Skin Care
biken yuzu essential oil toothpaste - 70g,BIKEN美健 YUZU精油牙膏 70g,Hair & Skin Care
bioderma makeup remover - 500ml,贝德玛 卸妆水粉水 500ml,Hair & Skin Care
biore cleansing pore & blackhead nose patch (10 pc),花王碧柔 清洁毛孔去黑头鼻贴 (10片),Hair & Skin Care
biore refreshing water sunscreen spf 50 - 50g,碧柔 清爽水感防晒霜 SPF50+ PA++++ 50g,Hair & Skin Care
bouncia body soap - 550ml,COW 牛乳石碱Bouncia浓密泡沫沐浴露 550ml,Hair & Skin Care
bouncia body soap rose scent - 550ml,COW牛乳石碱 Bouncia浓密泡沫沐浴露 玫瑰花香,Hair & Skin Care
creer beaute versailles rose deep white transparent mask honey & peach flavor,CREER BEAUTE 凡尔赛玫瑰 深层白透明面膜,Hair & Skin Care
creer beaute versailles rose moisturizing elasticity mask red rose flavor,CREER BEAUTE 凡尔赛玫瑰 润透亮弹力保湿面膜,Hair & Skin Care
cure gentle exfoliating deep cleansing gel 250g,Cure 温和去角质深层清洁啫喱 250g,Hair & Skin Care
d. jart tijiating green pill anti-sensitive moisturizing calming mask (5 sheets),Dr.Jart+蒂佳婷 绿药丸抗敏补水镇定面膜 (5片),Hair & Skin Care
daiso er whitening emulsion - 120ml,DAISO大创 ER美白乳液 120ml,Hair & Skin Care
daiso er whitening emulsion - 30ml,DAISO大创 ER美白乳液 30ml,Hair & Skin Care
daiso makeup sponge puff value pack (10 pc),Daiso 化妆棉 (10个),Hair & Skin Care
daiso special cleaning agent - 80ml,DAISO大创 粉扑专用清洗剂 80ml,Hair & Skin Care
daiso special cleaning agent for brushes - 150ml,DAISO大创 刷具专用清洗剂 150ml,Hair & Skin Care
daiso urglam contour v face three-dimensional repair stick black color,DAISO 大创URGLAM 轮廓V脸立体修容棒 黑色,Hair & Skin Care
derfriend brightening rejuvenating solution - 60ml,蝶芙兰 银胖子熊果苷烟酰胺面部精华液 60ml,Hair & Skin Care
dermatix silicone gel for scar reduction - 15g,DERMATIX 舒痕胶 15g,Hair & Skin Care
dhc medicated olive oil lip care cream,DHC 橄榄油保湿润唇膏,Hair & Skin Care
dhc vitamin c (120 capsules),DHC 维生素C (120粒),Hair & Skin Care
dr. ci labo dr. cheng ye pore convergence water - 100ml,Dr.Ci:Labo城野医生 毛孔收敛水 100ml,Hair & Skin Care
dr. jart tijiating blue pill hydration mask (5 sheets),Dr.Jart+蒂佳婷 蓝药丸深层补水强效保湿面膜 (5片),Hair & Skin Care
eltamd foaming facial cleanser - 207ml,EltaMD 氨基酸清洁保湿泡沫洗面奶 207ml,Hair & Skin Care
etude house lovely hair band white color (1 pc),韩国ETUDE HOUSE 爱丽小屋 可爱猫耳朵发带 (1枚),Hair & Skin Care
eve pain relieve tablets (60 pc),日本白兔制药 EVE生理期止痛片 (60片),Hair & Skin Care
fau centella asiatica water concealer repair black tube bb cream - 30g,FAU 积雪草再生水光遮瑕修复小黑管BB霜 30g,Hair & Skin Care
florasis flowers galaxie lipstick,花西子 星穹口红,Hair & Skin Care
florasis gorgeous peach blossom powder,花西子 玉女桃花轻蜜粉,Hair & Skin Care
florasis lotus clarifying & luminous cc cushion luminous,花西子 玉容睡莲气垫CC霜 水光版,Hair & Skin Care
florasis lotus clarifying cc cushion cover,花西子 玉容睡莲气垫CC霜 遮瑕版,Hair & Skin Care
florasis peony sculpting contour palette & f-light sculpting brush,花西子 洛花弄影修容盘与花浅染修容刷,Hair & Skin Care
florasis rouge blush cream 01 peony rosy blush,花西子 胭脂腮红膏 01 醉红潮,Hair & Skin Care
florasis sculpting brush,花西子 花浅染腮红刷,Hair & Skin Care
foellie eau de bijou inner perfume - 5ml,FOELLIE 私处香水 BIJOU玫瑰香 5ml,Hair & Skin Care
formula of beauty coconut oil body wash - 355ml,韩国Formula of Beauty 粉椰子油沐浴露 355ml,Hair & Skin Care
fujiko pon pon powder,FUJIKO PON PON 头发蓬松蓬蓬粉 油头细软发救星,Hair & Skin Care
healthy care propolis 2000 (200 capsules),Healthy Care 蜂胶胶囊 200粒,Hair & Skin Care
house of rose oh baby rose exfoliating scrub - 350g,HOUSE OF ROSE Oh Baby 玫瑰去角质磨砂膏,Hair & Skin Care
hu qing yu tang camellia flowers brighten skin & moisturizing mask - 23ml (5 pc),胡庆余堂 山茶花亮肤滋润面膜盒装 23ml (5片),Hair & Skin Care
hu qing yu tang ganoderma rejuvenating eye serum set - 18ml (2 count),胡庆余堂 灵芝赋活修护眼精华套装 18ml (2支/盒),Hair & Skin Care
innisfree green tea seed extract water extract - 80ml,韩国Innisfree 悦诗风吟 绿茶籽精萃水分菁露 80ml,Hair & Skin Care
ins nano crystal essential oil aromatherapy set citrine w. shangri-la essential oil - 20ml,ins 纳米水晶精油香薰套装 黄水晶配香格里拉精油,Hair & Skin Care
japan bb laboratories repairing moisturizing mask - 175g,日本BB LABORATORIES 修复补水复活草面膜,Hair & Skin Care
jayjun 3-step water injectable black mask (10 per box),JAYJUN 3-STEP 水光针剂黑面膜盒装 (10片),Hair & Skin Care
jm solution deep sea bomb first aid moisturizing mask (10 pc),JM Solution 深海炸弹急救补水保湿面膜 (10片),Hair & Skin Care
jm solution facial mask first aid amino acid (10 pc external use only),"JM Solution 急救氨基酸针剂面膜 (10片, 仅外用)",Hair & Skin Care
jm solution first aid vitamin whitening ampoule mask (10 pc),JM Solution 急救维他命美白安瓶面膜 (10 片),Hair & Skin Care
jm solution pureness firming up mask (10 pc),JM Solution MaMa婴儿纯净紧致面膜 (10片),Hair & Skin Care
k skin 2 in1 hair wand,K skin 2合1直发夹,Hair & Skin Care
kao curel foaming wash - 150ml,KAO花王 CUREL珂润 润浸保湿洁颜泡沫 150ml,Hair & Skin Care
kao prettia bubble hair dye cool ash color,KAO花王 PRETTIA植物泡沫染发剂 混血风系列 白金浅驼色,Hair & Skin Care
kao steam soothing eye mask lavender fragrance (12 pc),KAO花王 蒸汽舒缓眼罩 薰衣草香 (12枚),Hair & Skin Care
kao steam soothing eye mask rose fragrance (12 pc),KAO花王 蒸汽舒缓眼罩 玫瑰花香 (12枚),Hair & Skin Care
kao steam soothing eye mask yuzu fragrance (12 pc),KAO花王 蒸汽舒缓眼罩 柚子香 (12枚),Hair & Skin Care
kingdom cares hair straightening comb,金稻 直发梳,Hair & Skin Care
kingdomcares electrical facial brush blue color,金稻 硅胶电动洗脸仪 蓝色,Hair & Skin Care
kiribai kairo hot warming heating pad (10 pc),KIRIBAI桐灰化学 小白兔金装暖贴暖宝宝 (10片),Hair & Skin Care
kiss me heroine make long & curl mascara pure black,KISS ME 花漾美姬防水型极致纤长卷翘睫毛膏 漆黑,Hair & Skin Care
kobayashi medicine for sarasatirangerie cleanser,小林制药 女性内衣洗衣液 内裤清洗剂 洗涤剂去血渍,Hair & Skin Care
korea vt cica anti-acne moisturizing soothing mask 10pcs,韩国VT CICA老虎贴祛痘补水保湿舒缓面膜 10片,Hair & Skin Care
korean salon masil masilian 8 seconds hair mask - 200ml,韩国沙龙Masil 玛丝兰密丝 8秒发膜 200ml,Hair & Skin Care
library of flowers sophora radix body wash - 400ml,半亩花田 苦参沐浴露 400ml,Hair & Skin Care
lion pair acne cream,Lion狮王PAIR ACNE W药用祛痘暗疮膏,Hair & Skin Care
little dream garden foot mask,半亩花田 烟酰胺足膜,Hair & Skin Care
lucky trendy moisturizing exfoliating hand mask (1 pair),LUCKY TRENDY 补水保湿去角质手膜 (1对),Hair & Skin Care
lucky trendy sponge big hair volume (8 pc),LUCKY TRENDY 海绵天使美人大发卷 (8枚),Hair & Skin Care
mandom gentle eye & lip makeup remover - 145ml,MANDOM曼丹 温和即净眼唇卸妆液 145ml,Hair & Skin Care
maputi intimate soap water cleanser - 120ml,MAPUTI 私处神仙水清洁液 120ml,Hair & Skin Care
mba hair enhancer - 20ml,MBA 增发神器生发液 20ml,Hair & Skin Care
mediheal n.m.f moisturizing reservoir mask pack of 10pcs,mediheal美迪惠尔(可莱丝) n.m.f补水保湿针剂水库面膜盒装 10片,Hair & Skin Care
melrose organic essential greens - 200g,澳洲Melrose 麦萝氏绿植精粹粉全能绿瘦子 200g,Hair & Skin Care
mise en scene color primer,韩国爱茉莉 纯植物泡沫 PR褪色剂,Hair & Skin Care
mise en scene hello bubble foam hair dye chocolate brown color,韩国爱茉莉 纯植物泡沫染发剂 6N巧克力棕,Hair & Skin Care
mise en scene hello bubble foam hair dye dusty ash color,韩国爱茉莉 纯植物泡沫染发剂 6A亚麻烟灰,Hair & Skin Care
mise en scene hello bubble foam hair dye sunset orange color,韩国爱茉莉 纯植物泡沫染发剂 8O日落橙脏橘色,Hair & Skin Care
mise en scene hello bubble form hair dye dark chocolate color,韩国爱茉莉 纯植物泡沫染发剂 3NT深巧克力色,Hair & Skin Care
mise en scene hello bubble hair foam color matte gold,韩国爱茉莉 纯植物泡沫染发剂 8MG哑光金,Hair & Skin Care
my beauty tool exfoliating jellyfish silicon,爱丽小屋洗脸刷,Hair & Skin Care
naris pore shrinkage toner - 200ml,娜丽丝 毛孔收缩去角质爽肤水 200ml,Hair & Skin Care
nature republic soothing & moisture aloe vera soothing gel - 300ml,Nature Republic自然乐园 补水芦荟胶 300ml,Hair & Skin Care
naturie coix seed moisturizing face cream 180g,NATURIE 薏仁保湿啫喱面霜 180g,Hair & Skin Care
naturie whitening moisture almighty barley water lotion - 500ml,NATURIE 美白保湿全能薏仁水化妆水 500ml,Hair & Skin Care
neogen dermalogy wine lift pha gauze peeling,Neogen 红酒萃取去角质磨砂膏,Hair & Skin Care
neogen dermalogy wipe type exfoliating clean cotton gauze lemon fragrant,Neogen Dermalogy 擦拭型去角质清洁纯棉纱布 柠檬味,Hair & Skin Care
oliveyoung ultra thin hidden acne sticker (84 stickers),OLIVEYOUNG 超薄隐性痘痘贴 (84 贴),Hair & Skin Care
papa recipe bombee black honey mask (10 sheets),韩国PAPA RECIPE 春雨卢卡蜂蜜罐蜂胶双倍补水黑面膜 (10片),Hair & Skin Care
papa recipe bombee whitening honey mask (10 sheets),PAPA RECIPE 春雨蜂蜜美白保湿营养面膜 (10片),Hair & Skin Care
pdc wafood sake lees facial mask,范冰冰热推 PDC 酒粕面膜,Hair & Skin Care
pigeon baby antibacterial soft laundry soap 120g,日本 贝亲 婴儿抑菌柔护洗衣皂120g,Hair & Skin Care
q-tips (500 count),棉签 (500支),Hair & Skin Care
ren he chitosan wound protecting gel - 20g,仁和 壳聚糖护创凝胶祛疤膏 去疤痕 修复烫伤疤及妊娠纹 20g,Hair & Skin Care
ren he foot pads (50 pc),仁和 老北京足贴 (50贴),Hair & Skin Care
ren he medical cold facial compress - 25ml (5 count),仁和 医用面部冷敷贴 25ml (5片/盒),Hair & Skin Care
ren he pads (10 pc),仁和 远红外肚脐贴1盒 (10片),Hair & Skin Care
ren he stomache pads (30 pc),仁和 艾脐贴南怀瑾肚脐贴 (30贴),Hair & Skin Care
ren he wound recovering cream,仁和 伤口护理软膏,Hair & Skin Care
rohto lycee eye drops - 8ml,乐敦Lycee 小粉花防干涩眼药水 8ml,Hair & Skin Care
rohto melano cc medicinal stains intensive measures essence - 23g,ROHTO乐敦 MELANO CC嫩白祛暗沉祛痘印淡斑 药用美白精华美容液,Hair & Skin Care
rongjin pharmaceutical diet maru anti-edema & anti-water pills (10 pc),荣进制药 DIET MARU 消水肿消水丸 (10包),Hair & Skin Care
rou li jie cosmetic special cotton tissues (80 pc),柔丽洁 抽取式棉柔巾 (80抽一包),Hair & Skin Care
rou li jie cotton dry wet towel (50 pc),柔丽洁 一次性压缩洗脸巾 (50枚),Hair & Skin Care
ryo scalp deep cleansing rinse medium dry hair,韩国RYO吕 控油祛屑养发护发素 中干性发质适用,Hair & Skin Care
ryoe anti-hair loss shampoo for normal & dry scalp - 400ml,韩国RYOE吕 紫色防脱滋养中干性发质洗发水 400ml,Hair & Skin Care
ryoe hair brown strenghener shampoo - 500ml,RYOE吕 滋养强健发根丰盈秀发洗发水 500ml,Hair & Skin Care
ryoe red repair shampoo - 500ml,韩国RYOE吕 红色修复养护洗发水 500ml,Hair & Skin Care
san jiu granule for cold flu,三九 感冒灵颗粒,Hair & Skin Care
santen eye drops - 12ml,SANTEN参天 去红血丝红玫瑰眼药水 12ml,Hair & Skin Care
serious skin care squalane beauty oil - 50ml,言之有物 植物角鲨烷美容油 50ml,Hair & Skin Care
serious skin care treatment oil hydrating mask,DIARY言之有物 水油调理保湿面膜 锁水膜,Hair & Skin Care
shiseido anessa perfect uv sunscreen,SHISEIDO资生堂 ANESSA安耐晒 超防水防晒霜 金瓶,Hair & Skin Care
shiseido eyelash curler,SHISEIDO资生堂 睫毛夹,Hair & Skin Care
shiseido fino efficient soak repairing hair mask damaged hair dedicated 230g,SHISEIDO资生堂 fino高效浸透修复发膜 受损发专用 230g,Hair & Skin Care
shiseido prepare eyebrow razor (3 pc),SHISEIDO资生堂 PREPARE女用专用修眉刀 (3把),Hair & Skin Care
shiseido senka perfect whip face wash - 120g,SHISEIDO资生堂 SENKA洗颜专科 新版超微米浓密泡沫洁面乳 120g,Hair & Skin Care
shiseido tsubaki hair mask,SHISEIDO资生堂 TSUBAKI金耀沙龙级瞬暖护芯0秒发膜,Hair & Skin Care
spa treatment has aging care sheet (60 pc),SPA TREATMENT HAS 干细胞蛇毒红眼膜贴 (60贴),Hair & Skin Care
ssp hythiol c plus l cysteine whitening beauty (180 tablets),白兔牌 HYTHIOL-C+祛斑祛痘印美白丸 (180粒/盒),Hair & Skin Care
swisse manuka australian mud film improving dark spot - 70g,澳洲Swisse 麦卢卡改善暗黄血橙小黄泥膜 70g,Hair & Skin Care
swisse manuka soothing repair green tea green tea mask - 70g,澳洲Swisse 麦卢卡舒缓修复抹茶小绿泥膜 70g,Hair & Skin Care
taisho pharmaceutical mouth inflammation sticker (10 pc),大正制药 口腔溃疡贴片 (10片),Hair & Skin Care
thailand ray makeup bud silk golden repair brightening moisturizing mask (10 pc),泰国RAY 妆蕾 蚕丝金色修复提亮保湿面膜 (10片),Hair & Skin Care
toyo life cure natural aqua gel,TOYO LIFE东洋 CURE活性化水素去角质凝胶,Hair & Skin Care
unicharm silcot cotton puff (82 pc),UNICHARM尤妮佳 化妆棉 丝滑多功能 (82枚),Hair & Skin Care
unicharm silcot uruuru sponge facial cotton (40 pc),UNICHARM尤妮佳 化妆棉 1/2省水超吸收 (40枚),Hair & Skin Care
unny club mild cleansing water - 500ml,UNNY悠宜 济州岛温泉卸妆水 500ml,Hair & Skin Care
voolga collagen water brighting repair mask (5 pc),敷尔佳 重组胶原蛋白水光修复贴面膜 (5片),Hair & Skin Care
voolga medical sodium hyaluronate dressing mask (5 pc),敷尔佳 医用透明制酸钠修复贴面膜 白膜 (5片),Hair & Skin Care
vt cosmetics cica spot patch (12mm per patch),韩国VT CICA老虎痘痘贴 (12枚/片),Hair & Skin Care
wonjin effect hyaluronic acid ampoule mask (10 sheets),韩国WONJIN EFFECT 原辰玻尿酸安瓶面膜 送洁面,Hair & Skin Care
wonjin effect korean moisturizing green drop mask - 80ml,韩国WONJIN EFFECT 原辰 焕能保湿绿色吊瓶面膜,Hair & Skin Care
yun wei make up brush set (8 pc),允薇 小太阳化妆刷套装 (8支),Hair & Skin Care
yunnan baiyao jinkoujian toothpaste - 105g,云南白药 金口健牙膏 益优冰柠 105g,Hair & Skin Care
yunnan baiyao jinkoujian toothpaste mint flavor - 105g,云南白药 金口健牙膏 益优薄荷味 105g,Hair & Skin Care
(limited) lychee - 2lb,(限量) 荔枝 2lb,Produce
a choy - 1lb,A菜 1lb,Produce
american okra - 1lb,秋葵 1lb,Produce
ataulfo mango (2 count),芒果 (2个),Produce
avocado (4 count),牛油果 (4个),Produce
baby bok choy - 2lb,青江菜 2lb,Produce
bean spouts - 1lb,豆芽 1lb,Produce
beech mushroom - 150g,白玉菇 150g,Produce
bitter melon (1 count),苦瓜 (1个),Produce
blueberry - 1lb,蓝莓 1lb,Produce
brassica juncea - 1lb,雪里红 1lb,Produce
broccoli (1 count),西兰花 (1颗),Produce
brown beech mushroom,蟹味菇,Produce
cantaloupe (1 count),哈密瓜 (1个),Produce
carrots (2 count),胡萝卜 (2根),Produce
cauliflower (1 count),花椰菜 (1个),Produce
celery (1 count),西芹 (1根),Produce
celtuce (2 count),莴笋 (2根),Produce
chestnut - 2lb,板栗 2lb,Produce
chinese celery - 1lb,唐西芹 1lb,Produce
chinese eggplant (2 count),中国茄子 (2个),Produce
chinese okra - 2lb,丝瓜 2lb,Produce
chives (1 bunch),韭菜 (1捆),Produce
cilantro,香菜,Produce
coconut (1 count),新鲜椰子 (1个),Produce
daikon - 2.5lb,中国萝卜 2.5lb,Produce
enoki,金针菇,Produce
flat bean -1lb,雪豆 1lb,Produce
fresh ginger - 0.5lb,生姜 0.5lb,Produce
fuji apples (4 count),富士苹果 (4个),Produce
gai lan - 1lb,芥兰 1lb,Produce
garlic (4 pc),蒜 (4头),Produce
geen bean - 1lb,四季豆 1lb,Produce
golden kiwi - 2lb,黄金奇异果/猕猴桃 2lb,Produce
grade a large brown organic eggs (12 count),A级有机褐色壳大鸡蛋 (12个),Produce
green chili - 2lb,紫天椒 2lb,Produce
green onion (2 bundles),青葱 (2捆),Produce
green peppers (2 count),大青椒 (2个),Produce
honeycrisp apple (3 count),蜜脆苹果 (3个),Produce
japanese fukuoka premium strawberry fresh red (2 bags),日本福冈 顶级空运草莓 新鲜红 (2袋),Produce
japanese kumamoto premium strawberry light snow white (2 bags),日本熊本 顶级空运草莓 淡雪白 (2袋),Produce
japanese yam - 2lb,日本山药 2lb,Produce
kabocha (1 count),小南瓜 (1个),Produce
king oyster mushrooms (3 count),杏鲍菇 (3个),Produce
kyoho grapes - 0.7lb,巨峰葡萄 约0.7lb,Produce
leek - 1lb,大葱 1lb,Produce
lemon (4 count),柠檬 (4个),Produce
little tangerines - 2lb,砂糖橘 2lb,Produce
lotus root - 2.5lb,莲藕 2.5lb,Produce
malabar spinach,潺菜,Produce
mini watermelon (1 count),迷你西瓜 (1个),Produce
muscat grapes (limited),䴢香葡萄 (限量),Produce
mustard green - 2lb,芥菜 2lb,Produce
nam dok mai mango (2 count),水仙芒 (2个),Produce
napa cabbage (approx 2lb),大白菜一个（2lb左右）,Produce
orange (3 count),橙子 (3个),Produce
organic banana (5 count),有机香蕉 (5根),Produce
oro blanco 3ct,白金柚子 3个,Produce
pea tips - 1lb,豆苗 1lb,Produce
persimmon (3 count),柿子 (3个),Produce
potatoes (4 count),土豆 白皮或红皮 (4个),Produce
purple yam - 2lb,夏威夷紫薯 2lb,Produce
rambutan - 1lb,红毛丹 1lb,Produce
red bell pepper (2 count),红椒 (2个),Produce
red callaloo - 2.5lb,红苋菜 2.5lb,Produce
red chili - 2lb,红辣椒 2lb,Produce
red kiwi - 2lbs,红肉奇异果 2lbs,Produce
romaine lettuce - 1lb,长生菜 1lb,Produce
rose apple (2 count),玫瑰心苹果 (2个),Produce
royal star papaya (2 count),皇后木瓜 (2个),Produce
seedless cucumber (2 count),日本青瓜 (2个),Produce
shiitake mushroom - 1lb,新鲜冬菇 1lb,Produce
singo pear (3 count),沙梨 (3个),Produce
small bok choy - 1lb,奶油白菜苗 1lb,Produce
spinach - one bunch,菠菜 一束,Produce
sweet corn (2 count),玉米 (2根),Produce
sweet potato (2 pc),红薯/番薯/地瓜 (2个),Produce
taishan cauliflower (1 count),台山花菜 (1 count),Produce
taiwan cabbage - 2.5lb,台湾高丽菜 2.5lb,Produce
taiwan guava (4 count),台湾番石榴 (4个),Produce
taiwan spinach - 2lb,台湾菠菜 2lb,Produce
taro,大芋头,Produce
tomatoes (2 count),番茄/西红柿 (2个),Produce
tong ho sum - 1lb,茼蒿 1lb,Produce
water chestnut - 2lb,马蹄 2lb,Produce
water spinach (2 bundles),空心菜 (2捆),Produce
watercress (1 bundle),西洋菜 (1捆),Produce
wawa choy - 1lb,娃娃菜 1lb,Produce
wax gourd - 3lb,冬瓜 3lb,Produce
white dragonfruit (2 count),白肉火龙果 (2个),Produce
yam leaf - 1lb,番薯苗 1lb,Produce
yellow onions (2 pc),洋葱 (2个),Produce
yu choy sum - 1lb,油菜心,Produce
zucchini (1 count),西葫芦 (1个),Produce
baby cuttlefish,墨鱼仔,Meats & Seafood
beef flank - 2lb,牛腩 2lb,Meats & Seafood
beef shank - 2lb,牛腱 2lb,Meats & Seafood
beef short ribs (1.5lb),雪花牛仔骨 1.5lb,Meats & Seafood
beef tendon - 3lb,牛筋 3lb,Meats & Seafood
beef tripe - 1lb,牛百叶 1lb,Meats & Seafood
champmar shrimp - 4lb,南美虾皇 无头虾 4磅,Meats & Seafood
chicken breast - 1.5lb,鸡胸肉 1.5lb,Meats & Seafood
chicken drumstick - 2.5lb,鸡腿 约2.5llb,Meats & Seafood
chicken paw - 2lb,鸡爪 2lb,Meats & Seafood
chilled yellow croaker 1.3lb,冰鲜黄鱼 1.3lb,Meats & Seafood
clearwater arctic surf clam,加拿大北极贝,Meats & Seafood
cooked clam 21-30 ct,大花蛤 (21-30个),Meats & Seafood
crawfish meat - 1lb,小龙虾肉 1lb,Meats & Seafood
fatty sliced beef - 1lb,火锅肥牛片 1lb,Meats & Seafood
frog legs (16 pc),田鸡腿 (约16只),Meats & Seafood
frozen belt fish (1 pc),急冻带鱼 (1条),Meats & Seafood
frozen chicken wings - 1lb,鸡翅 1lb,Meats & Seafood
frozen cooked oyster - 227g,单冻鲜蚝 227g,Meats & Seafood
frozen fish filets - 1.2lb,龙利鱼片 1.2lb,Meats & Seafood
frozen hardwood smoked premium bacon - 1lb,培根 1lb,Meats & Seafood
frozen lobster - 1.5-1.75lb,冷冻龙虾 1.5-1.75lb,Meats & Seafood
frozen pomfret golden (1 pc),急冻金鲳鱼 (1条),Meats & Seafood
frozen shrimp - 2lb,虾仁 2lb,Meats & Seafood
frozen tilapia (1 pc),急冻罗非鱼 (1条),Meats & Seafood
greenland halibut steaks,格陵兰雪鱼排,Meats & Seafood
greenland prawns cold water shrimp - 5kg,冰山北极即食甜虾 5kg,Meats & Seafood
ground beef - 1.5lb,搅碎牛肉末 1.5lb,Meats & Seafood
ground pork - 1.5lb,绞碎猪肉 1.5lb,Meats & Seafood
harbour city frozen golden threadfin bream - 1lb,海港城 三去金线鱼 1lb,Meats & Seafood
harbour city frozen long anchovies fish - 1lb,海港城 凤尾鱼 1lb,Meats & Seafood
harbour city grass carp fillet - 300g,海港城 鲜滑无骨脆肉皖鱼片 300g,Meats & Seafood
harbour city tiger tooth croaker - 1lb,海港城 三去三牙鱼 1lb,Meats & Seafood
hotpot lamb slices - 1lb,火锅羊肉切片 1lb,Meats & Seafood
lamb neck bone - 2lb,羊蝎子 2lb,Meats & Seafood
lamb rack - 18-20oz,澳洲进口羊排 18-20oz,Meats & Seafood
new zealand green mussels,新西兰青口,Meats & Seafood
ox tail - 2lb,牛尾 2lb,Meats & Seafood
pork belly - 3lb,精选五花腩 约3lb,Meats & Seafood
pork belly slices - 1lb,五花肉片 1lb,Meats & Seafood
pork chop - 2lb,猪扒 2lb,Meats & Seafood
pork neck bone - 2lb,猪汤骨 2lb,Meats & Seafood
pork tenderloins - 1.5lb,猪里脊肉 1.5lb,Meats & Seafood
roasted eel - 9oz,日本烤鳗鱼 9oz,Meats & Seafood
sliced pork for hotpot - 1lb,火锅猪肉片 1lb,Meats & Seafood
spare ribs - 1.2lb,原装排骨 1.2lb,Meats & Seafood
whole chicken (1 pc),冰鲜走地鸡 (1只),Meats & Seafood
whole duck (1 pack),冰鲜有头鸭 (1只),Meats & Seafood
almond cookies (2 pc),杏仁饼 (2个),Bakery
apple pie (2 pc),苹果派 (2个),Bakery
bbq pork bun (3 pc),叉烧包 (3个),Bakery
bbq pork pineapple bun (3 pc),叉烧菠萝包 (3个),Bakery
cheese stick (3pcs),芝士条 (3个),Bakery
chinese sausage bun (3 pc),腊肠包 (3个),Bakery
chocolate roll cake,朱古力蛋卷,Bakery
cocktail pineapple bun (3 pc),鸡尾菠萝包 (3个),Bakery
coconut bun (3 pc),椰丝包 (3个),Bakery
coconut cream bun (3 pc),奶油包 (3个),Bakery
coconut tart (2 pc),椰塔 (2个),Bakery
coconut turnover (2 pc),椰丝酥饺 (2个),Bakery
coffee swiss cake roll,咖啡瑞士卷,Bakery
curry beef bun (3 pc),咖喱牛肉包 (3个),Bakery
daiichi pan mini chocolate bread (7 pc),Daiichi 巧克力夹心小面包 (7个),Bakery
daiichi pan mini red bean bread (7 pc),Daiichi 红豆夹心小面包 (7个),Bakery
dinner roll (6 pc),餐包 (6个),Bakery
egg custard bun (3pcs),奶王包 (3个),Bakery
egg custard pineapple bun (3 pc),奶黄菠萝包 (3个),Bakery
egg tart portuguese style (3 pc),葡挞 (3个),Bakery
egg yolk pastry (3 pc),蛋黄酥 (3个),Bakery
ham & egg bun (3 pc),火腿蛋面包 (3个),Bakery
honeydew cake roll,瑞士卷 哈密瓜味,Bakery
lemon coconut roll cake,黄金柠檬耶斯瑞士卷,Bakery
lotus baby mooncake (3 pc),莲蓉棋子饼 (3个),Bakery
lotus puff cake (3 pc),莲蓉饼 (3个),Bakery
milk loaf,鲜奶吐司,Bakery
mini japanese style cheese cake (2 pc),迷你日式轻乳酪蛋糕 (2个),Bakery
peanut cookies (2 pc),花生饼 (2个),Bakery
peanut mochi ball (2 pc),花生糯米糍 (2个),Bakery
phoenix cookies,鸡仔饼,Bakery
pineapple bun (3pcs),菠萝包 (3个),Bakery
raisin bun (3 pc),丹麦葡萄干面包 (3个),Bakery
raisin dinner roll (6 pc),提子餐包 (6个),Bakery
red bean baby mooncake (3 pc),豆沙棋子饼 (3个),Bakery
red bean bun (3 pc),豆沙包 (3个),Bakery
red bean mochi ball (2 pc),豆沙糯米糍 (2个),Bakery
red bean pineapple bun (3 pc),豆沙菠萝包 (3个),Bakery
red bean puff cake (3 pc),豆沙饼 (3个),Bakery
sago rice cake (2 pc),水晶糕 (2个),Bakery
sesame ball (2 pc),煎堆 (2个),Bakery
sesame cookies,笑口枣,Bakery
shredded pork bread (3pcs),肉松包 (3个),Bakery
sponge cake (3 pc),纸包蛋糕 (3个),Bakery
spring onion bun (3 pc),葱包 (3个),Bakery
sweetheart cake (3 pc),老婆饼 (3个),Bakery
swiss cake roll,瑞士卷 原味,Bakery
taro bun (3 pc),芋头包 (3个),Bakery
traditional egg tart (3 pc),手工蛋挞 (3个),Bakery
walnut pound cake,核桃蛋糕,Bakery
wax gourd baby mooncake (3 pc),冬容棋子饼 (三个),Bakery
fujiya peko poko chocolate 2 pc - 0.8oz,Fujiya 巧克力 2枚入 0.8oz,New Arrivals
3-ply surgical mask (50 pc),PPE医用口罩 (50个),PPE & Personal Care
corestar multi purpose vinyl gloves - medium,多用途橡胶手套 (中),PPE & Personal Care
corestar multi-purpose vinyl gloves - large,多用途橡胶手套 (大),PPE & Personal Care
dgmc designer protective face mask black color (10 per box) (buy any of the two dgmc masks get one blue mask for free),美西五彩设计师 医用级别防护口罩 黑色 (10个/盒) (买任何两盒美西五彩设计师口罩，免费赠送一盒蓝色口罩),PPE & Personal Care
dgmc designer protective face mask blue color (10 per box) (buy two dgmc masks get one blue mask for free),美西五彩设计师 医用级别防护口罩 蓝色 (10个/盒) (买任何两盒美西五彩设计师口罩，免费赠送一盒蓝色口罩),PPE & Personal Care
dgmc designer protective face mask green color (10 per box) (buy any of the two dgmc masks get one blue mask for free),美西五彩设计师 医用级别防护口罩 绿色 (10个/盒) (买任何两盒美西五彩设计师口罩，免费赠送一盒蓝色口罩),PPE & Personal Care
dgmc designer protective face mask pink color (10 per box) (buy any of the two dgmc masks get one blue mask for free),美西五彩设计师医用级别防护口罩 粉色 (1盒10个) (买任何两盒美西五彩设计师口罩，免费赠送一盒蓝色口罩),PPE & Personal Care
dgmc designer protective face mask yellow color (10 per box) (buy any of the two dgmc masks get one blue mask for free),美西五彩设计师 医用级别防护口罩 黄色 (10个/盒) (买任何两盒美西五彩设计师口罩，免费赠送一盒蓝色口罩),PPE & Personal Care
disinfecting wipes (10 count),消毒湿巾 (10张),PPE & Personal Care
face shield adult,成人面罩,PPE & Personal Care
infrared contact free thermometer,红外线免触碰体温计,PPE & Personal Care
kn95 (10 pc),KN95 (10个),PPE & Personal Care
kn95 respirator kids size (5 pack),KN95口罩 小孩款 (5个),PPE & Personal Care
ryukakusan herbal throat candy stick mint flavor (1 pc),日本龙角散止咳化痰润喉喉糖 薄荷味 (1条),PPE & Personal Care
ultro clean hand sanitizer - 500ml,免洗消毒洗手液 500ml,PPE & Personal Care
ultro clean hand sanitizer - 60ml,免洗消毒洗手液 60ml,PPE & Personal Care
ajinomoto beef gyoza,日本Ajinomoto 牛肉煎饺,Flash Sale (20% off or more)
assam milk tea vanilla flavor - 400ml (6 packs),阿萨姆奶茶 香草味 400ml (6盒),Flash Sale (20% off or more)
haidilao vegetarian self-heating hot pot spicy flavor,海底捞 自热小火锅 香辣素食,Flash Sale (20% off or more)
shin ramyun instant noodle (16 pc),辛拉面 红 (16包/箱),Flash Sale (20% off or more)
small bok choy - 1lb,奶油白菜苗 1lb,Flash Sale (20% off or more)
bcd soon tofu extra hot,BCD SOON TOFU汤 特辣味,Soy & Dairy
bcd soon tofu hot - 13oz,BCD SOON TOFU汤 辣味 368g,Soy & Dairy
bcd soon tofu medium hot - 13oz,BCD SOON TOFU汤 中辣味 368g,Soy & Dairy
beijing classic yoghurt (medium size),北京老酸奶 (中杯),Soy & Dairy
firm tofu - 19oz,日本老豆腐 19oz,Soy & Dairy
gaobei shredded tofu original flavor - 250g,高碑店 原味豆腐丝 250g,Soy & Dairy
gaobei super chiba tofu - 22.9oz,高碑店 千页豆腐 幼片装 649g,Soy & Dairy
havista soy tofu sheet original flavor - 17.64oz,五谷丰 高碑店豆腐片 原味 500g,Soy & Dairy
natures soy bean curd skin - 100g,大田 炸豆皮 100g,Soy & Dairy
natures soy black sesame soymilk - 0.5gal,大田 黑芝麻豆浆 1.89L,Soy & Dairy
natures soy fried bean curd bite - 14g,大田 炸角螺 14g,Soy & Dairy
natures soy fried bean curd roll - 120g,大田 响铃卷 120g,Soy & Dairy
natures soy fried bean curd sheet - 3.5oz,大田 炸豆片 3.5oz,Soy & Dairy
natures soy fried tofu - 9oz,大田 炸豆腐 9oz,Soy & Dairy
natures soy marinated pressed tofu - 8oz,大田 中香干 8oz,Soy & Dairy
natures soy seasoned pressed tofu - 240g,大田 小印干 240g,Soy & Dairy
natures soy soft tofu - 454g,大田 滑豆腐 454g,Soy & Dairy
natures soy soy milk sweetened - 1.89l,大田 甜豆浆 1.89L,Soy & Dairy
natures soy soy puffs - 142g,大田 油豆腐 142g,Soy & Dairy
natures soy soymilk reduced sugar high fiber - 1.89l,大田 豆浆 低糖高纤 1.89L,Soy & Dairy
natures soy soymilk unsweetened - 1.89l,大田 无糖豆浆 1.89L,Soy & Dairy
natures soy tofu snacks hot & spicy flavor - 227g,大田 香辣豆干 227g,Soy & Dairy
soft tofu - 19oz,嫩豆腐 (1盒),Soy & Dairy
soyfoods original egg tofu - 245g,中华正牌 玉子豆腐 245g,Soy & Dairy
tofu - 19oz,中豆腐 19oz,Soy & Dairy
zuming fresh fried tofu skin - 300g,祖名 鲜腐竹 300g,Soy & Dairy
zuming oil fried tofu stick - 160g,祖名 豆条子 160g,Soy & Dairy
bamboo toothpicks 500pcs per can,双枪 竹牙签500支/罐,House & Home
chui dahuang mandarin duck hot pot w. 2 spoons stainless steel (30cm),炊大皇 鸳鸯火锅 (附赠2个汤勺) 不锈钢 直径30cm,House & Home
cone dish sponge,洗王 抗菌刷碗海棉,House & Home
guangheshenghuo shark shape bottle opener,光合生活 鲨鱼开瓶器,House & Home
hooli pillow,Hooli 抱枕,House & Home
hooli squish mallow,Hooli 玩偶,House & Home
hooli umbrella,Hooli 雨伞,House & Home
kao laundry detergent liquid gel - 780g,KAO花王 玫瑰洗衣液 780g,House & Home
kao multipurpose house cleaning spray 400ml,日本KAO花王 多用途家居清洁喷雾 400ml,House & Home
kobayashi pharmaceutical toilet cleaner natural floral 7.5g 3 bottles,小林制药 洁厕灵凝胶花瓣 自然花香 7.5g*3瓶,House & Home
laundress wool & cashmere deodorant spray 4oz,The Laundress 羊毛羊绒除味清香喷剂 4 fl. oz,House & Home
lion dishwashing detergent liquid lemon scent,日本LION狮王 高效洗洁精 柠檬味,House & Home
nin jiom loquat syrup - 10oz,念慈菴 枇杷膏 300ml,House & Home
okamoto sagami 0.01mm condom condom 5pcs,冈本 Sagami 幸福的0.01 安全套避孕套 5枚入,House & Home
rubber gloves,刷碗专用橡胶手套,House & Home
shiseido super clean prepare body shaving knife underarm shaving knife 3pcs,日本Shiseido 资生堂 超干净PREPARE温和身体剃毛刀 腋下刮毛刀 3支/袋,House & Home
stainless steel brush ball,钢丝洗碗刷,House & Home
toilet paper (10 rolls),厕所纸 10卷,House & Home
zhang xiao quan peeler,张小泉 刨皮刀,House & Home
bean curd w. shrimp pork & veggie (6 pc),鲜竹卷 (6 pc),Meal Kits & Prepared Food
biang biang mian,经典油泼面,Meal Kits & Prepared Food
braised pork belly taiyuan style,太原六味斋酱五花肉,Meal Kits & Prepared Food
crystal shrimp dumplings (8 pc),虾饺 (8个),Meal Kits & Prepared Food
cumin beef burger xi an style,孜然藤椒牛腱夹馍,Meal Kits & Prepared Food
five spices beef pingyao style,山西平遥酱牛肉,Meal Kits & Prepared Food
frozen turnip cake (1 box),冷冻港式萝卜糕 (1盒),Meal Kits & Prepared Food
lamb pao mo,羊肉泡馍,Meal Kits & Prepared Food
lao sze chuan beef jerky spicy,老四川麻辣牛肉干,Meal Kits & Prepared Food
lao sze chuan beef tendon five spices,老四川五香牛腱,Meal Kits & Prepared Food
lao sze chuan chinese marinade pig feet,老四川五香猪蹄,Meal Kits & Prepared Food
lao sze chuan roast chicken feet five spice,老四川卤凤爪,Meal Kits & Prepared Food
lao sze chuan roasted duck wings five spice,老四川五香鸭翅,Meal Kits & Prepared Food
lao sze chuan roasted pig ear five spices,老四川五香猪耳,Meal Kits & Prepared Food
lao sze chuan spicy chicken gizzard,老四川麻辣鸡胗,Meal Kits & Prepared Food
liang pi (cold ribbon noodle),西安凉皮,Meal Kits & Prepared Food
mantou (6 count),馒头 (6个),Meal Kits & Prepared Food
marinated chicken feet,白云凤爪,Meal Kits & Prepared Food
seaweed salad w. garlic vinaigrette,蒜泥海带,Meal Kits & Prepared Food
shumai pork dumplings (8 count),烧卖 (8个),Meal Kits & Prepared Food
spicy chicken feet,酸辣凤爪,Meal Kits & Prepared Food
steamed bbq pork bun (6 count),叉烧蒸包 (6个),Meal Kits & Prepared Food
steamed bean bun (6 count),蒸豆沙包 (6个),Meal Kits & Prepared Food
steamed pork & vegetable bun (6 count),菜肉蒸包 (6个),Meal Kits & Prepared Food
sticky rice dumpling,粽子,Meal Kits & Prepared Food
sticky rice in lotus leaf w. chicken chinese sausage & egg,糯米鸡,Meal Kits & Prepared Food
chengdu braised phoenix claw (buy 2 get 1 duck neck for free),九阴鸡爪爪 (买任何两样大毛家产品免费送成都滋味鸭脖一包),Da Mao Jia - Buy 2 Get 1 Duck Neck Free (limit one per order)
chengdu house spare ribs (buy 2 get 1 duck neck for free),成都秘制烤排骨 (买任何两样大毛家产品免费送成都滋味鸭脖一包),Da Mao Jia - Buy 2 Get 1 Duck Neck Free (limit one per order)
chengdu pork feet w. peanuts (buy 2 get 1 duck neck for free),成都香辣烤猪蹄 (买任何两样大毛家产品免费送成都滋味鸭脖一包),Da Mao Jia - Buy 2 Get 1 Duck Neck Free (limit one per order)
chengdu rabbit shreds (buy 2 get 1 duck neck for free),成都麻辣手撕烤兔 (买任何两样大毛家产品免费送成都滋味鸭脖一包),Da Mao Jia - Buy 2 Get 1 Duck Neck Free (limit one per order)
chengdu style chicken gizzard (small) (buy 2 get 1 duck neck for free),成都麻辣鸡胗 (买任何两样大毛家产品免费送成都滋味鸭脖一包),Da Mao Jia - Buy 2 Get 1 Duck Neck Free (limit one per order)
chengdu style chicken leg 3pc (buy 2 get 1 duck neck for free),成都秘制卤鸡腿 3个 (买任何两样大毛家产品免费送成都滋味鸭脖一包),Da Mao Jia - Buy 2 Get 1 Duck Neck Free (limit one per order)
chengdu style duck tongue (small) (buy 2 get 1 duck neck for free),成都香辣鸭舌 (买任何两样大毛家产品免费送成都滋味鸭脖一包),Da Mao Jia - Buy 2 Get 1 Duck Neck Free (limit one per order)
chengdu style pork ear (buy 2 get 1 duck neck for free),成都红油猪耳 (买任何两样大毛家产品免费送成都滋味鸭脖一包),Da Mao Jia - Buy 2 Get 1 Duck Neck Free (limit one per order)
chengdu style pork rib (buy 2 get 1 duck neck for free),成都秘制卤排骨条 (买任何两样大毛家产品免费送成都滋味鸭脖一包),Da Mao Jia - Buy 2 Get 1 Duck Neck Free (limit one per order)
free chengdu style duck neck (small) w. any two marked da mao jia items (one per order),凡购买任何两份大毛家卤味，即可免费获取鸭脖一份 (仅限一份),Da Mao Jia - Buy 2 Get 1 Duck Neck Free (limit one per order)
house szechuan sausages (buy 2 get 1 duck neck for free),成都川味麻辣香肠 (买任何两样大毛家产品免费送成都滋味鸭脖一包),Da Mao Jia - Buy 2 Get 1 Duck Neck Free (limit one per order)
lady m blueberry cheese mille crepes (1 slice),lady m 蓝莓芝士千层蛋糕 (单片),Desserts
lady m chocolate checkers cake (1 slice),Lady M 巧克力棋盘蛋糕 (单片),Desserts
lady m chocolate mille crepes (1 slice),Lady M 巧克力千层蛋糕 (单片）,Desserts
lady m chocolate mille crepes - 9inch,"Lady M 巧克力千层蛋糕 9""",Desserts
lady m earl grey mille crepes (1 slice),Lady M 伯爵千层蛋糕 (单片),Desserts
lady m earl grey mille crepes - 9inch,"Lady M 伯爵千层蛋糕 9""",Desserts
lady m green tea mille crepe (1 slice),Lady M 抹茶千层蛋糕 (单片),Desserts
lady m green tea mille crepes - 6inch,"Lady M 抹茶千层蛋糕 6""",Desserts
lady m green tea mille crepes - 9inch,"Lady M 抹茶千层蛋糕 9""",Desserts
lady m marron mille crepes (1 slice),Lady M 粟子千层蛋糕 (单片),Desserts
lady m marron mille crepes - 9inch,"Lady M 粟子千层蛋糕 9""",Desserts
lady m passion fruit mille crepes - 9inch,"Lady M 百香果千层蛋糕 9""",Desserts
lady m pistachio mille crepes (1 slice),Lady M 开心果千层蛋糕 (单片),Desserts
lady m pistachio mille crepes - 9inch,"Lady M 开心果千层蛋糕 9""",Desserts
lady m pumpkin cake (1 slice),Lady M 南瓜芝士蛋糕 (单片),Desserts
lady m signature mille crepe (1 slice),Lady M 经典千层蛋糕 (单片),Desserts
lady m signature mille crepes - 6inch,"Lady M 经典千层蛋糕 6""",Desserts
lady m signature mille crepes - 9inch,"lady m 经典千层蛋糕 9""",Desserts
lady m tiramisu mille crepes (1 slice),Lady M 提拉米苏千层蛋糕 (单片),Desserts
lady m tiramisu mille crepes - 9inch,"Lady M 提拉米苏千层蛋糕 9""",Desserts
lady m winter dreams advent calendar,Lady M 梦幻圣诞礼盒,Desserts
royce christmas selection (31 pcs),Royce 圣诞巧克力礼盒 (31 pcs),Desserts
royce nama chocolate champagne pierre mignon,Royce 生巧克力 香槟味,Desserts
royce nama chocolate ghana bitter,Royce 生巧克力 苦味,Desserts
royce nama chocolate islay whisky (port charlotte),Royce 生巧克力 威士忌味,Desserts
royce nama chocolate matcha,Royce 生巧克力 抹茶味,Desserts
royce nama chocolate mild cacao,Royce 生巧克力 淡可可味,Desserts
royce nama chocolate white,Royce 生巧克力 白巧克力味,Desserts
royce potatochip chocolate original,Royce 薯片巧克力 标准风味,Desserts
royce potechi crunch chocolate matcha,Royce 巧克力酥脆 抹茶口味,Desserts
a kuan broad noodle hot & spicy flavor (4 packs),阿宽 红油面皮 麻辣味 (4包),Instant
dou xiao yu instant oden sour & spicy noodle - 166g,逗小鱼 关东煮速食酸辣粉 166g,Instant
haidilao self-heating hot pot tomato sweet sausage package,海底捞 番茄广式腊肠自煮火锅套餐,Instant
haidilao spicy sausage mini hot pot sichuan style - 354g,海底捞 麻辣川式香肠小火锅套餐 354g,Instant
haidilao vegetarian self-heating hot pot spicy flavor,海底捞 自热小火锅 香辣素食,Instant
han ramen chajiangmen ramen w. soybean seasoning - 5 packs,韩拉面 炸酱面 5包,Instant
han ramen mild chicken flavor - 5 packs,韩拉面 鸡肉味 5包,Instant
han ramen spicy beef flavor - 114g,韩拉面 桶装牛肉味 114g,Instant
han ramen spicy beef flavor - 5 packs,韩拉面 牛肉味 5包,Instant
hao huan luo hot & sour rice noodles extra spicy,好欢螺 柳州螺蛳粉 加辣加臭版,Instant
itsuki tokyo shoyu soy sauce ramen - 176g,ITSUKI五木 东京酱油拉面 176g,Instant
jin mai lang chongqing style noodles spicy flavor - 147g (5 packs),今麦郎 新辣煌尚 重庆小面 147g (5包),Instant
jin mai lang instant noodle artificial beef & sour pickled cabbage flavor - 120g,今麦郎 老坛酸菜牛肉面 120g,Instant
jin mai lang instant noodle artificial chicken & mushroom flavor - 113g (5 pc),今麦郎 香菇炖鸡面 113g (5包),Instant
jin mai lang instant noodle artificial hot & sour beef flavor - 159g (5 pack),今麦郎 新辣煌尚 酸辣牛肉面 159g (5包),Instant
jin mai lang instant noodle artificial pickled pepper beef flavor - 153g (5 count),今麦郎 新辣煌尚 泡椒牛肉面 153g (5包),Instant
jin mai lang instant noodle artificial seafood flavor (5 packs),今麦郎 珍品系列 鲜虾鱼板面 (5包),Instant
jin mai lang instant noodle artificial spicy beef flavor - 155g (5 packs),今麦郎 新辣煌尚 麻辣牛肉面 155g (5包),Instant
jin mai lang instant noodle artificial spicy hot beef flavor 113g (5 count),今麦郎 麻辣牛肉面 113g (5包),Instant
jin mai lang instant noodle artificial stew beef flavor - 550g (5 packs),今麦郎 红烧牛肉面 珍品系列 550g (5包),Instant
jin mai lang instant noodle artificial stew pork flavor - 113g (5 pc),今麦郎 葱香排骨面 113g (5包),Instant
jin mai lang instant noodles stew beef flavor - 116g,今麦郎 红烧牛肉桶面 116g,Instant
jin mai lang instant yakisoba bean sauce flavor - 155g,今麦郎 一桶半炸酱拌面 155g,Instant
jin mai lang instant yakisoba sesame sauce flavor - 155g,今麦郎 麻酱拌面 155g,Instant
jin pai chongqing spicy noodle - 7.5oz,金牌干溜 山城辣子鸡拌面 213g,Instant
jin pai hot & sour tomato noodle - 10.05oz,金牌干溜 番茄浓汤辣粉 285g,Instant
jin pai sour & spicy vermicelli - 10.58oz,金牌干溜 酸辣粉 300g,Instant
jml dried chili flavor - 148g,今麦郎 一桶半 干辣椒拌面 148g,Instant
liu quan instant rice noodle spicy - 268g,柳全 螺螄粉 268g,Instant
luo ba wang instant rice noodle spicy flavor,螺霸王 螺蛳粉 麻辣味,Instant
marukome green onion miso soup - 0.32oz,marukome 青葱味噌汤 0.32oz,Instant
marukome instant miso soup cup tofu - 0.32oz,marukome 原味噌汤 0.32oz,Instant
master kong veggie tomato instant noodle - 101g (5 count),康师傅 鲜蔬番茄面 101g (5包),Instant
mo xiao xian stinky tofu self heating hotpot - 350g,莫小仙 自热火锅速食臭臭锅 长沙臭豆腐小火锅 350g,Instant
nissin demae ramen black garlic oil tonkotsu pork flavor - 100g,日清 出前一丁 即食汤面 黑蒜油猪骨汤味 100g,Instant
nissin demae ramen noodle beef flavor - 100g,日清 出前一丁 即食汤面 五香牛肉味 100g,Instant
nissin demae ramen noodle roasted beef flavor - 100ml,日清 出前一丁 即食汤面 红烧牛肉味 100ml,Instant
nissin demae ramen noodle w. soup base chicken flavor - 100g,日清 出前一丁即食汤面 鸡蓉味 100g,Instant
nissin demae ramen noodle w. soup base seafood flavor - 100g,日清 出前一丁 即食汤面 海鲜味 100g,Instant
nissin demae ramen noodle w. soup base sesame oil flavor - 100g,日清 出前一丁 即食汤面 麻油味 100g,Instant
nissin demae ramen noodle w. soup base shrimp flavor - 100g,日清 出前一丁 即食汤面 鲜虾味 100g,Instant
nissin demae ramen noodle w. soup base xo seafood flavor - 100g,日清 出前一丁 即食汤面 XO酱海鲜味 100g,Instant
paldo volcano instant noodle -140g,PALDO八道 火鸡拉面 140g,Instant
samyang spicy fried chicken roasted ramen noodles stew type (5 packs),三养 火鸡面 鸡肉味 (5包),Instant
yu mei mini hot pot spicy hot,与美 四川冒菜盒装 麻辣味,Instant
yumei sichuan maize rice spicy - 465g,与美 四川冒菜米饭 香辣版 465g,Instant
lee kum kee black peppercorn - 45g,李锦记 即磨黑胡椒 45g,Sauces
lee kum kee brown braising sauce - 410ml,李锦记秘制红烧汁,Sauces
lee kum kee chicken bouillon powder - 35oz,李锦记 鲜味鸡粉 无添加 1kg,Sauces
lee kum kee chinese marinade - 14 oz,李锦记 卤水汁 410ml,Sauces
lee kum kee chiu chow chili oil - 205g,李锦记 潮州辣椒油 205g,Sauces
lee kum kee hoisin sauce,李锦记 海鲜酱 240g,Sauces
lee kum kee japanese style pork bone soup base - 7oz,李锦记 日式猪骨浓汤 7oz,Sauces
lee kum kee ma po tofu sauce - 80g,李锦记 麻婆豆腐酱 80g,Sauces
lee kum kee minced garlic - 11oz,李锦记 蒜蓉 213g,Sauces
lee kum kee minced ginger - 213g,李锦记 姜蓉 213g,Sauces
lee kum kee mos-laksa soup base - 7oz,李锦记 椰香喇沙浓汤 7oz,Sauces
lee kum kee oyster sauce w. dried scallop - 18oz,李锦记 干贝蚝油 18oz,Sauces
lee kum kee panda oyster sauce - 18oz,李锦记 熊猫牌鲜味蚝油 510g,Sauces
lee kum kee plum sauce - 260g,李锦记 苏梅酱 260g,Sauces
lee kum kee premium oyster sauce - 32oz,李锦记 旧庄特级蚝油 32oz,Sauces
lee kum kee premium soy sauce - 500ml,李锦记 特级鲜味生抽 500ml,Sauces
lee kum kee satay sauce - 220g,李锦记 沙爹酱 220g,Sauces
lee kum kee seafood soy sauce - 14oz,李锦记 蒸鱼豉油 14oz,Sauces
lee kum kee seasoned soy sauce - 500ml,李锦记 味极鲜 500ml,Sauces
lee kum kee selected five spices marinade - 410ml,李锦记 五香卤汁水 410ml,Sauces
lee kum kee sesame sauce - 190g,李锦记 芝麻酱 190g,Sauces
lee kum kee shrimp sauce - 8oz,李锦记 幼滑虾酱 227g,Sauces
lee kum kee soy sauce - 500ml,李锦记 鲜味生抽 500ml,Sauces
lee kum kee spare rib sauce - 14oz,李锦记 排骨酱 397g,Sauces
lee kum kee spicy bean sauce - 226g,李锦记 麻婆酱 226g,Sauces
lee kum kee tomato soup base - 198g,李锦记 番茄浓汤 198g,Sauces
lee kum kee xo sauce - 220g,李锦记 XO酱 220g,Sauces
lee kum kee xo sauce extra hot,李锦记 XO酱 特辣 7.8oz,Sauces
lkk sauce for szechuan ma po tofu,李锦记四川麻婆豆腐酱,Sauces
s&b golden curry sauce hot - 220g,S&B 金牌咖喱块 大辣 220g,Sauces
s&b golden curry sauce medium hot - 220g,S&B 金牌咖喱块 中辣 220g,Sauces
ajinomoto beef gyoza,日本Ajinomoto 牛肉煎饺,Dumplings & Buns
ajinomoto chicken gyoza dumplings,日本Ajinomoto 鸡肉煎饺,Dumplings & Buns
ajinomoto gyoza dumplings - pork & chicken fillings,日本Ajinomoto 猪肉鸡肉煎饺,Dumplings & Buns
ajinomoto seafood & shrimp gyoza,日本Ajinomoto海鲜虾煎饺,Dumplings & Buns
beijing cabbage pork bun,北京白菜猪肉包,Dumplings & Buns
beijing egg cream sauce bun,北京 奶黄包,Dumplings & Buns
daylee pork gyoza,Daylee 猪肉日本煎饺,Dumplings & Buns
hao kou fu mini soupy pork bun,好口福 蟹粉小笼包,Dumplings & Buns
hao kou fu mini soupy pork bun w. crab meat,好口福 蟹肉小籠包,Dumplings & Buns
laurel pollock fish roll,桂冠 火锅饺,Dumplings & Buns
li kou fu bean paste bun - 8.4oz,利口福 豆沙包 8.4oz,Dumplings & Buns
li kou fu lava custard bun - 240g,利口福 奶黄包 240g,Dumplings & Buns
li kou fu lotus seed paste bun - 240g,利口福 莲蓉包 240g,Dumplings & Buns
li kou fu steamed bun egg yok flavor - 360g,利口福 凤凰流沙包 360g,Dumplings & Buns
prime food hong kong style roasted pork bun (10 packs),嘉嘉 港式焗叉烧包 (10个),Dumplings & Buns
prime food mini soupy pork bun - 20oz,嘉嘉 上海小笼汤包 20oz,Dumplings & Buns
prime food pork & cabbage dumpling - 20oz,嘉嘉 猪肉白菜水饺 20oz,Dumplings & Buns
prime food steam bun taro flavor - 20oz (10 count),嘉嘉 香芋包 20oz (10个),Dumplings & Buns
prime food steam bun w. red bean filling (10 pc),嘉嘉 红豆包 (10个),Dumplings & Buns
san quan steamed egg yolk bun - 360g,三全 金沙包 360g,Dumplings & Buns
steamed pork bun w. xo sauce,醬肉大包,Dumplings & Buns
steamed sandwiches (12 pc),刈包 叉包 (12个),Dumplings & Buns
synear custard piggy bun - 300g,思念 猪猪包 奶黄 300g,Dumplings & Buns
synear dumpling chicken & mushroom - 16oz,思念 灌汤水饺 鸡肉香菇 16oz,Dumplings & Buns
synear pork & celery dumpling - 480g,思念 灌汤水饺 猪肉芹菜 480g,Dumplings & Buns
synear pork & com dumpling - 16oz,思念 灌汤水饺 猪肉玉米 16oz,Dumplings & Buns
synear pork & shrimp dumplings - 16oz,思念 灌汤水饺 三鲜 16oz,Dumplings & Buns
synear pork ane leek dumpling - 500g,思念 灌汤水饺 猪肉韭菜 500g,Dumplings & Buns
synear pork cabbage dumpling - 16oz,思念 灌汤水饺 猪肉白菜 16oz,Dumplings & Buns
synear pork mushroom dumpling - 500g,思念 灌汤水饺 猪肉香菇 500g,Dumplings & Buns
synear premium shrimp pork & sweet corn dumpling - 480g,思念 金牌虾虾仁玉米水饺 480g,Dumplings & Buns
synear red bean piggy bun - 300g,思念 蜜香红豆猪猪包 300g,Dumplings & Buns
synear shrimp pork & leek dumpling - 360g,思念 金牌虾虾仁韭菜水饺 360g,Dumplings & Buns
synear shrimp pork & scallop dumpling,思念 金牌虾干贝鲜虾水饺,Dumplings & Buns
synear supreme pork shrimp & mushroom dumpling - 480g,思念 金牌虾虾仁三鲜水饺 480g,Dumplings & Buns
synear supreme shrimp & pork dumpling - 480g,思念 金牌虾至臻虾皇饺 480g,Dumplings & Buns
wei-chuan pork & chinese spinach dumpling - 21oz,味全 荠菜猪肉水饺 21oz,Dumplings & Buns
wei-chuan pork & com & cabbage dumpling - 21oz,味全 玉米猪肉水饺 21oz,Dumplings & Buns
wei-chuan pork & leek dumpling - 21oz,味全 猪肉韭菜水饺 21oz,Dumplings & Buns
wei-chuan pork & leek dumplings 21g,味全 猪肉韭菜水饺 21g,Dumplings & Buns
wei-chuan pork & napa cabbage dumpling - 21oz,味全 大白菜猪肉水饺 21oz,Dumplings & Buns
wei-chuan pork & scallop & shrimp dumpling - 21oz,味全 干贝鲜虾水饺 21oz,Dumplings & Buns
wei-chuan pork mini bun -20oz,味全 南翔猪肉小笼包 20oz,Dumplings & Buns
wei-chuan pre-steamed veg & chicken dumpling - 24oz,味全 鸡肉煎饺 24oz,Dumplings & Buns
wei-chuan pre-steamed veg & pork dumpling - 24oz,味全 猪肉煎饺 24oz,Dumplings & Buns
wei-chuan pre-steamed vegetable & chicken dumpling - 7.4oz,味全 速食菜鸡肉煎饺 7.4oz,Dumplings & Buns
wei-chuan pre-steamed vegetable dumpling - 23.4oz,味全 蔬菜煎饺 23.4oz,Dumplings & Buns
wei-chuan vegetable & chicken dumplings - 5oz,味全 高丽菜鸡肉水饺 5oz,Dumplings & Buns
wei-chuan vegetable & pork dumpling - 21oz,味全 高丽菜猪肉水饺 21oz,Dumplings & Buns